date,cash,position_value,total_value,daily_return,shares_held,year,month
2022-07-20,100000.0,0.0,100000.0,0.0,0,2022,7
2022-07-21,97149.56497296673,2846.1657783657174,99995.73075133245,-4.269248667554404e-05,13,2022,7
2022-07-22,97149.56497296673,2837.9238204922126,99987.48879345895,-8.242309758199617e-05,13,2022,7
2022-07-23,97149.56497296673,2950.762698234297,100100.32767120103,0.0011285299701362383,13,2022,7
2022-07-24,97149.56497296673,2881.251201466097,100030.81617443284,-0.0006944182739991867,13,2022,7
2022-07-25,97149.56497296673,2888.9485581719787,100038.51353113871,7.694985405759525e-05,13,2022,7
2022-07-26,97149.56497296673,2928.019189066377,100077.5841620331,0.00039055589207870334,13,2022,7
2022-07-27,100118.00732266103,0.0,100118.00732266103,0.00040391822970531344,0,2022,7
2022-07-28,100118.00732266103,0.0,100118.00732266103,0.0,0,2022,7
2022-07-29,100118.00732266103,0.0,100118.00732266103,0.0,0,2022,7
2022-07-30,100118.00732266103,0.0,100118.00732266103,0.0,0,2022,7
2022-07-31,99063.29223761996,1053.1353819681176,100116.42761958808,-1.577841104904998e-05,4,2022,7
2022-08-01,99063.29223761996,1072.3112574311328,100135.6034950511,0.0001915357541109053,4,2022,8
2022-08-02,99063.29223761996,1095.4370653010944,100158.72930292106,0.00023094490933095457,4,2022,8
2022-08-03,99063.29223761996,1088.119459140334,100151.41169676029,-7.3060093830013e-05,4,2022,8
2022-08-04,99063.29223761996,1126.1877351409996,100189.47997276095,0.0003801072331952593,4,2022,8
2022-08-05,99063.29223761996,1099.8490417100857,100163.14127933004,-0.0002628888126584572,4,2022,8
2022-08-06,99063.29223761996,1127.1538381678522,100190.44607578781,0.000272603236170621,4,2022,8
2022-08-07,99063.29223761996,1117.4509102155134,100180.74314783547,-9.68448423216417e-05,4,2022,8
2022-08-08,99063.29223761996,1093.110130295948,100156.4023679159,-0.00024296865000938972,4,2022,8
2022-08-09,99063.29223761996,1135.6148516471965,100198.90708926716,0.000424383467720002,4,2022,8
2022-08-10,99063.29223761996,1089.0852252906516,100152.3774629106,-0.0004643725935563614,4,2022,8
2022-08-11,99063.29223761996,1115.4742610932983,100178.76649871326,0.0002634888603860741,4,2022,8
2022-08-12,99063.29223761996,1074.8203135074345,100138.11255112739,-0.00040581401635042536,4,2022,8
2022-08-13,99063.29223761996,1058.816405868546,100122.10864348851,-0.00015981834719225319,4,2022,8
2022-08-14,99063.29223761996,1045.0417950956512,100108.3340327156,-0.0001375781129615561,4,2022,8
2022-08-15,99063.29223761996,1038.3447275165224,100101.63696513648,-6.689820227090415e-05,4,2022,8
2022-08-16,99063.29223761996,979.9627717436138,100043.25500936357,-0.0005832267837263538,4,2022,8
2022-08-17,99063.29223761996,943.7165902830171,100007.00882790297,-0.0003623050995011923,4,2022,8
2022-08-18,99063.29223761996,965.2712645151425,100028.5635021351,0.000215531636079902,4,2022,8
2022-08-19,99063.29223761996,965.9343445124767,100029.22658213244,6.628906525474321e-06,4,2022,8
2022-08-20,99063.29223761996,975.6619393540158,100038.95417697397,9.724752628725852e-05,4,2022,8
2022-08-21,99063.29223761996,961.0831412155204,100024.37537883548,-0.00014573121299032987,4,2022,8
2022-08-22,99063.29223761996,950.1373775644499,100013.4296151844,-0.00010943096229920624,4,2022,8
2022-08-23,99063.29223761996,982.4852462110534,100045.77748383101,0.0003234352503567184,4,2022,8
2022-08-24,99063.29223761996,974.0445870795145,100037.33682469947,-8.4367969781729e-05,4,2022,8
2022-08-25,99063.29223761996,965.7185430175031,100029.01078063746,-8.322936541782511e-05,4,2022,8
2022-08-26,99063.29223761996,981.9629580633267,100045.25519568329,0.00016239703780995818,4,2022,8
2022-08-27,99063.29223761996,967.8973106187535,100031.1895482387,-0.00014059284887701917,4,2022,8
2022-08-28,99063.29223761996,981.3211817724309,100044.6134193924,0.00013419685614368682,4,2022,8
2022-08-29,99063.29223761996,971.9532867478878,100035.24552436784,-9.363717549970563e-05,4,2022,8
2022-08-30,99063.29223761996,938.223066051718,100001.51530367168,-0.0003371833649166156,4,2022,8
2022-08-31,99063.29223761996,941.9055525027484,100005.19779012271,3.682430651030799e-05,4,2022,8
2022-09-01,100006.36219697155,0.0,100006.36219697155,1.1643463285526678e-05,0,2022,9
2022-09-02,100006.36219697155,0.0,100006.36219697155,0.0,0,2022,9
2022-09-03,100006.36219697155,0.0,100006.36219697155,0.0,0,2022,9
2022-09-04,100006.36219697155,0.0,100006.36219697155,0.0,0,2022,9
2022-09-05,100006.36219697155,0.0,100006.36219697155,0.0,0,2022,9
2022-09-06,100006.36219697155,0.0,100006.36219697155,0.0,0,2022,9
2022-09-07,100006.36219697155,0.0,100006.36219697155,0.0,0,2022,9
2022-09-08,100006.36219697155,0.0,100006.36219697155,0.0,0,2022,9
2022-09-09,100006.36219697155,0.0,100006.36219697155,0.0,0,2022,9
2022-09-10,100006.36219697155,0.0,100006.36219697155,0.0,0,2022,9
2022-09-11,100006.36219697155,0.0,100006.36219697155,0.0,0,2022,9
2022-09-12,100006.36219697155,0.0,100006.36219697155,0.0,0,2022,9
2022-09-13,100006.36219697155,0.0,100006.36219697155,0.0,0,2022,9
2022-09-14,100006.36219697155,0.0,100006.36219697155,0.0,0,2022,9
2022-09-15,100006.36219697155,0.0,100006.36219697155,0.0,0,2022,9
2022-09-16,100006.36219697155,0.0,100006.36219697155,0.0,0,2022,9
2022-09-17,100006.36219697155,0.0,100006.36219697155,0.0,0,2022,9
2022-09-18,100006.36219697155,0.0,100006.36219697155,0.0,0,2022,9
2022-09-19,100006.36219697155,0.0,100006.36219697155,0.0,0,2022,9
2022-09-20,96982.59801338297,3019.235330592679,100001.83334397565,-4.528564879680008e-05,10,2022,9
2022-09-21,96982.59801338297,2902.559359070254,99885.15737245322,-0.0011667383248975538,10,2022,9
2022-09-22,96982.59801338297,3051.488957856675,100034.08697123965,0.0014910083009740394,10,2022,9
2022-09-23,96982.59801338297,3009.2826366921286,99991.8806500751,-0.0004219193921037867,10,2022,9
2022-09-24,96982.59801338297,3024.549343650393,100007.14735703336,0.00015267946616281947,10,2022,9
2022-09-25,96982.59801338297,2907.9027325077504,99890.50074589072,-0.0011663827458872067,10,2022,9
2022-09-26,96982.59801338297,2857.0382049053983,99839.63621828837,-0.0005092028493454137,10,2022,9
2022-09-27,96982.59801338297,2901.2227565031053,99883.82076988608,0.00044255521425484723,10,2022,9
2022-09-28,96982.59801338297,3016.0853806905357,99998.68339407351,0.0011499622591735204,10,2022,9
2022-09-29,96982.59801338297,2890.8207358956506,99873.41874927863,-0.001252662940583349,10,2022,9
2022-09-30,96982.59801338297,2941.7895857217054,99924.38759910468,0.0005103344860357684,10,2022,9
2022-10-01,96982.59801338297,3143.3503601864304,100125.94837356941,0.002017132947297995,10,2022,10
2022-10-02,96982.59801338297,3267.1268312367883,100249.72484461976,0.0012362077269774119,10,2022,10
2022-10-03,96982.59801338297,3336.2462090091767,100318.84422239214,0.000689471994856028,10,2022,10
2022-10-04,96982.59801338297,3350.262000961921,100332.8600143449,0.00013971245443866742,10,2022,10
2022-10-05,96982.59801338297,3330.286172398166,100312.88418578113,-0.0001990955760745594,10,2022,10
2022-10-06,96982.59801338297,3398.7215833340947,100381.31959671706,0.000682219552267993,10,2022,10
2022-10-07,96982.59801338297,3265.8506714776986,100248.44868486068,-0.0013236617369665193,10,2022,10
2022-10-08,96982.59801338297,3257.680339113747,100240.27835249672,-8.15008358846514e-05,10,2022,10
2022-10-09,96982.59801338297,3204.569547824836,100187.16756120781,-0.0005298348344778825,10,2022,10
2022-10-10,96982.59801338297,3305.718065160806,100288.31607854378,0.0010095955380131638,10,2022,10
2022-10-11,96982.59801338297,3273.8181736080314,100256.416186991,-0.0003180818344561409,10,2022,10
2022-10-12,96982.59801338297,3359.584190858832,100342.1822042418,0.0008554666176261438,10,2022,10
2022-10-13,96982.59801338297,3338.588077798677,100321.18609118165,-0.0002092451310000687,10,2022,10
2022-10-14,96982.59801338297,3264.33516758555,100246.93318096852,-0.0007401518373759686,10,2022,10
2022-10-15,96982.59801338297,3217.9263665812414,100200.52437996422,-0.00046294484560960303,10,2022,10
2022-10-16,96982.59801338297,3243.3064703471364,100225.9044837301,0.0002532931231939983,10,2022,10
2022-10-17,96982.59801338297,3264.681094144832,100247.27910752781,0.00021326446399072552,10,2022,10
2022-10-18,96982.59801338297,3341.116703881158,100323.71471726413,0.0007624706667033188,10,2022,10
2022-10-19,96982.59801338297,3289.5627280021863,100272.16074138516,-0.000513876265689106,10,2022,10
2022-10-20,96982.59801338297,3314.658990295373,100297.25700367834,0.0002502814550682242,10,2022,10
2022-10-21,96982.59801338297,3357.012039048218,100339.61005243119,0.00042227524478843925,10,2022,10
2022-10-22,96982.59801338297,3366.2445304058742,100348.84254378885,9.201243011447424e-05,10,2022,10
2022-10-23,96982.59801338297,3375.8450782388545,100358.44309162183,9.567173461699774e-05,10,2022,10
2022-10-24,96982.59801338297,3458.9947218692896,100441.59273525226,0.0008285266398015967,10,2022,10
2022-10-25,96982.59801338297,3388.0663672471637,100370.66438063013,-0.0007061651721222972,10,2022,10
2022-10-26,96982.59801338297,3511.4951140511093,100494.09312743408,0.0012297292995480102,10,2022,10
2022-10-27,96982.59801338297,3623.7067774141137,100606.30479079709,0.001116599591786116,10,2022,10
2022-10-28,96982.59801338297,3542.2714925851915,100524.86950596816,-0.0008094451436047034,10,2022,10
2022-10-29,96982.59801338297,3535.7889936797937,100518.38700706276,-6.448651898038893e-05,10,2022,10
2022-10-30,96982.59801338297,3608.8425688626776,100591.44058224565,0.0007267682794964703,10,2022,10
2022-10-31,96982.59801338297,3662.025015387453,100644.62302877042,0.0005286975334775068,10,2022,10
2022-11-01,96982.59801338297,3631.486261008775,100614.08427439175,-0.00030343155411238776,10,2022,11
2022-11-02,96982.59801338297,3602.184757974165,100584.78277135713,-0.00029122665326564157,10,2022,11
2022-11-03,96982.59801338297,3677.2318582345947,100659.82987161756,0.0007461078921950914,10,2022,11
2022-11-04,96982.59801338297,3714.3664653731753,100696.96447875614,0.00036891188059762214,10,2022,11
2022-11-05,96982.59801338297,3782.1579641568133,100764.75597753978,0.0006732228636141535,10,2022,11
2022-11-06,96982.59801338297,3750.520546553307,100733.11855993628,-0.00031397304837965656,10,2022,11
2022-11-07,96982.59801338297,3786.7666277062813,100769.36464108925,0.0003598228831902528,10,2022,11
2022-11-08,96982.59801338297,3683.780767104451,100666.37878048743,-0.0010219957322210593,10,2022,11
2022-11-09,96982.59801338297,3803.0870535452664,100785.68506692824,0.001185165175167091,10,2022,11
2022-11-10,96982.59801338297,3749.770563438711,100732.36857682168,-0.0005290085598084193,10,2022,11
2022-11-11,96982.59801338297,3809.3491899566925,100791.94720333966,0.0005914546372702834,10,2022,11
2022-11-12,96982.59801338297,3745.4334270846057,100728.03144046757,-0.0006341356094961004,10,2022,11
2022-11-13,96982.59801338297,3711.7108326710013,100694.30884605397,-0.0003347885780288218,10,2022,11
2022-11-14,96982.59801338297,3765.1927274187688,100747.79074080173,0.0005311312561817605,10,2022,11
2022-11-15,96982.59801338297,3759.557899697965,100742.15591308093,-5.5930037565765645e-05,10,2022,11
2022-11-16,96982.59801338297,3775.580282940889,100758.17829632387,0.0001590434818246056,10,2022,11
2022-11-17,96982.59801338297,3781.625765414776,100764.22377879775,5.9999918379904926e-05,10,2022,11
2022-11-18,96982.59801338297,3849.525482430973,100832.12349581394,0.0006738474675818118,10,2022,11
2022-11-19,96982.59801338297,3806.9405661270885,100789.53857951006,-0.0004223348158054474,10,2022,11
2022-11-20,96982.59801338297,3859.287220269047,100841.88523365202,0.0005193659469000522,10,2022,11
2022-11-21,96982.59801338297,3861.7725665329435,100844.37057991592,2.464597184137496e-05,10,2022,11
2022-11-22,96982.59801338297,3759.330850140446,100741.92886352341,-0.0010158397122557172,10,2022,11
2022-11-23,96982.59801338297,3738.37056413624,100720.96857751922,-0.00020805920871924677,10,2022,11
2022-11-24,96982.59801338297,3763.1064669238754,100745.70448030684,0.00024558841259136877,10,2022,11
2022-11-25,96982.59801338297,3894.055323187328,100876.6533365703,0.0012997959261782377,10,2022,11
2022-11-26,96982.59801338297,3989.292530260567,100971.89054364355,0.0009440956249360255,10,2022,11
2022-11-27,96982.59801338297,3969.4482632465247,100952.0462766295,-0.00019653258849772204,10,2022,11
2022-11-28,96982.59801338297,3893.4563787464494,100876.05439212942,-0.0007527522948058696,10,2022,11
2022-11-29,96982.59801338297,3881.257059030993,100863.85507241396,-0.00012093375171107201,10,2022,11
2022-11-30,96982.59801338297,3971.27653024801,100953.87454363098,0.0008924849357818676,10,2022,11
2022-12-01,96982.59801338297,4060.6814140165357,101043.27942739951,0.0008856013122100492,10,2022,12
2022-12-02,96982.59801338297,4082.315702318024,101064.913715701,0.00021410912654551417,10,2022,12
2022-12-03,96982.59801338297,4098.957589336632,101081.5556027196,0.00016466532653880428,10,2022,12
2022-12-04,96982.59801338297,4096.819790622408,101079.41780400538,-2.1149246284046797e-05,10,2022,12
2022-12-05,96982.59801338297,4110.184554685999,101092.78256806897,0.00013222042977645287,10,2022,12
2022-12-06,96982.59801338297,4063.4879652568493,101046.08597863982,-0.000461918133450423,10,2022,12
2022-12-07,96982.59801338297,4008.6262190194675,100991.22423240244,-0.0005429378654902006,10,2022,12
2022-12-08,96982.59801338297,4025.07537458704,101007.67338797002,0.0001628770786035183,10,2022,12
2022-12-09,96982.59801338297,4090.9317976208204,101073.5298110038,0.0006519942577116744,10,2022,12
2022-12-10,96982.59801338297,4064.42273698359,101047.02075036656,-0.00026227500599618203,10,2022,12
2022-12-11,96982.59801338297,4084.6864381894175,101067.28445157238,0.0002005373444495806,10,2022,12
2022-12-12,96982.59801338297,4097.844576331982,101080.44258971495,0.0001301918639049493,10,2022,12
2022-12-13,96982.59801338297,4011.334215565361,100993.93222894834,-0.0008558565687900588,10,2022,12
2022-12-14,96982.59801338297,3795.9631490057295,100778.56116238871,-0.00213251491259292,10,2022,12
2022-12-15,96982.59801338297,3811.0184522784443,100793.61646566141,0.0001493899406683763,10,2022,12
2022-12-16,96982.59801338297,3822.17963410249,100804.77764748546,0.00011073302273900687,10,2022,12
2022-12-17,96982.59801338297,3905.2840735193886,100887.88208690236,0.0008244097289467067,10,2022,12
2022-12-18,96982.59801338297,3819.6240629464637,100802.22207632943,-0.0008490614412853814,10,2022,12
2022-12-19,96982.59801338297,4002.7236599476882,100985.32167333066,0.0018164242139679931,10,2022,12
2022-12-20,96982.59801338297,3986.7429837504965,100969.34099713346,-0.0001582475149101148,10,2022,12
2022-12-21,96982.59801338297,4059.4080155120178,101042.00602889499,0.0007196742203516848,10,2022,12
2022-12-22,96982.59801338297,3929.998290811648,100912.59630419462,-0.0012807517366921761,10,2022,12
2022-12-23,96982.59801338297,3970.509390352173,100953.10740373515,0.00040144740125813705,10,2022,12
2022-12-24,96982.59801338297,3888.4263063130497,100871.02431969602,-0.0008130813023006223,10,2022,12
2022-12-25,96982.59801338297,3872.807250617668,100855.40526400064,-0.00015484184681102686,10,2022,12
2022-12-26,96982.59801338297,3943.2489925628042,100925.84700594578,0.0006984429021006378,10,2022,12
2022-12-27,96982.59801338297,3967.1396627066624,100949.73767608963,0.00023671508193978674,10,2022,12
2022-12-28,96982.59801338297,4081.4041889890514,101064.00220237202,0.0011318952273955407,10,2022,12
2022-12-29,96982.59801338297,4134.384575623929,101116.9825890069,0.0005242260892142081,10,2022,12
2022-12-30,96982.59801338297,4197.05480808032,101179.6528214633,0.0006197794955089542,10,2022,12
2022-12-31,96982.59801338297,4256.858668690591,101239.45668207356,0.0005910660784316235,10,2022,12
2023-01-01,96982.59801338297,4257.794532638007,101240.39254602097,9.244063313706974e-06,10,2023,1
2023-01-02,96982.59801338297,4440.198999981592,101422.79701336456,0.0018016965635594406,10,2023,1
2023-01-03,96982.59801338297,4440.552340627818,101423.1503540108,3.4838385121194193e-06,10,2023,1
2023-01-04,96982.59801338297,4465.332409230282,101447.93042261325,0.00024432359393267156,10,2023,1
2023-01-05,96982.59801338297,4488.741082915925,101471.33909629889,0.00023074569967196368,10,2023,1
2023-01-06,96982.59801338297,4573.4911077765455,101556.08912115952,0.000835211455918472,10,2023,1
2023-01-07,96982.59801338297,4700.453313524217,101683.0513269072,0.0012501683241878947,10,2023,1
2023-01-08,96982.59801338297,4861.387346066954,101843.98535944993,0.0015827026278483203,10,2023,1
2023-01-09,96982.59801338297,4850.9852149220715,101833.58322830504,-0.00010213790346258467,10,2023,1
2023-01-10,96982.59801338297,5148.766938761181,102131.36495214415,0.0029241996048741115,10,2023,1
2023-01-11,96982.59801338297,4995.235407955186,101977.83342133816,-0.0015032750309166287,10,2023,1
2023-01-12,96982.59801338297,5093.138513454385,102075.73652683735,0.0009600430036074137,10,2023,1
2023-01-13,96982.59801338297,5050.687501850074,102033.28551523304,-0.00041587759293948423,10,2023,1
2023-01-14,96982.59801338297,5226.505132824203,102209.10314620717,0.0017231399546364656,10,2023,1
2023-01-15,96982.59801338297,5190.585589533168,102173.18360291613,-0.00035143193889153324,10,2023,1
2023-01-16,96982.59801338297,5151.688202618698,102134.28621600167,-0.0003807005472751257,10,2023,1
2023-01-17,96982.59801338297,5141.181075609009,102123.77908899199,-0.00010287561013022639,10,2023,1
2023-01-18,96982.59801338297,5103.326809806981,102085.92482318995,-0.00037067043679461786,10,2023,1
2023-01-19,96982.59801338297,5101.512416255615,102084.11042963859,-1.77731999245756e-05,10,2023,1
2023-01-20,96982.59801338297,5023.700941309455,102006.29895469242,-0.0007622290542443899,10,2023,1
2023-01-21,96982.59801338297,5117.3010064068585,102099.89901978982,0.0009175910316967517,10,2023,1
2023-01-22,96982.59801338297,5246.766794873669,102229.36480825664,0.0012680305241214995,10,2023,1
2023-01-23,96982.59801338297,5305.409951335487,102288.00796471846,0.0005736429701173051,10,2023,1
2023-01-24,96982.59801338297,5441.043725130294,102423.64173851327,0.0013259987802440865,10,2023,1
2023-01-25,96982.59801338297,5456.2150166565825,102438.81303003956,0.0001481229457260813,10,2023,1
2023-01-26,96982.59801338297,5356.171763446911,102338.76977682988,-0.0009766147249318236,10,2023,1
2023-01-27,96982.59801338297,5520.50990989067,102503.10792327364,0.0016058249166188698,10,2023,1
2023-01-28,96982.59801338297,5395.058416091035,102377.65642947401,-0.0012238799031687453,10,2023,1
2023-01-29,96982.59801338297,5568.30757211368,102550.90558549666,0.0016922555376328585,10,2023,1
2023-01-30,96982.59801338297,5662.422509457573,102645.02052284054,0.0009177387250414171,10,2023,1
2023-01-31,96982.59801338297,5625.8571574864845,102608.45517086946,-0.0003562311331306578,10,2023,1
2023-02-01,96982.59801338297,5377.472448069967,102360.07046145294,-0.0024207041125694495,10,2023,2
2023-02-02,96982.59801338297,5374.359665153351,102356.95767853632,-3.0410128701419126e-05,10,2023,2
2023-02-03,96982.59801338297,5505.920998858282,102488.51901224126,0.0012853189142072452,10,2023,2
2023-02-04,96982.59801338297,5544.758000487717,102527.3560138707,0.00037894002180660635,10,2023,2
2023-02-05,96982.59801338297,5328.107005031733,102310.70501841471,-0.0021131042863007377,10,2023,2
2023-02-06,96982.59801338297,5105.68921582652,102088.2872292095,-0.002173944448581211,10,2023,2
2023-02-07,96982.59801338297,5065.6632225684925,102048.26123595146,-0.00039207233605720315,10,2023,2
2023-02-08,96982.59801338297,4973.884816930614,101956.48283031359,-0.0008993627576433516,10,2023,2
2023-02-09,96982.59801338297,5080.182679352864,102062.78069273583,0.0010425807116076768,10,2023,2
2023-02-10,96982.59801338297,5224.57504711123,102207.1730604942,0.001414740679984705,10,2023,2
2023-02-11,96982.59801338297,5089.821070884146,102072.41908426712,-0.001318439520358483,10,2023,2
2023-02-12,96982.59801338297,5273.364605266097,102255.96261864906,0.0017981697311437728,10,2023,2
2023-02-13,96982.59801338297,5378.478465397584,102361.07647878055,0.0010279484681348094,10,2023,2
2023-02-14,96982.59801338297,5407.165759302603,102389.76377268558,0.00028025588330904405,10,2023,2
2023-02-15,96982.59801338297,5264.932138189686,102247.53015157266,-0.0013891390689081407,10,2023,2
2023-02-16,96982.59801338297,5375.289368249952,102357.88738163293,0.0010793143843834674,10,2023,2
2023-02-17,96982.59801338297,5136.201946618623,102118.79996000159,-0.00233579871319467,10,2023,2
2023-02-18,96982.59801338297,5117.796106019059,102100.39411940203,-0.00018023949171719345,10,2023,2
2023-02-19,96982.59801338297,5240.511394367766,102223.10940775074,0.0012019080769190005,10,2023,2
2023-02-20,96982.59801338297,5394.374139558837,102376.9721529418,0.0015051659657243643,10,2023,2
2023-02-21,96982.59801338297,5660.137673640648,102642.73568702363,0.002595930788857448,10,2023,2
2023-02-22,96982.59801338297,5734.700592055839,102717.29860543882,0.0007264315191535253,10,2023,2
2023-02-23,96982.59801338297,5910.668872776549,102893.26688615952,0.0017131318980323496,10,2023,2
2023-02-24,96982.59801338297,6011.356789827676,102993.95480321065,0.0009785666263522064,10,2023,2
2023-02-25,96982.59801338297,6296.384215429426,103278.9822288124,0.002767418982466907,10,2023,2
2023-02-26,96982.59801338297,6516.03053298816,103498.62854637114,0.002126728137890721,10,2023,2
2023-02-27,96982.59801338297,6515.924916523032,103498.522929906,-1.020462460421534e-06,10,2023,2
2023-02-28,96982.59801338297,6625.676843763994,103608.27485714697,0.0010604202275938945,10,2023,2
2023-03-01,96982.59801338297,6629.404328780116,103612.00234216309,3.597671152477666e-05,10,2023,3
2023-03-02,96982.59801338297,6760.05201317549,103742.65002655846,0.001260931952303368,10,2023,3
2023-03-03,96982.59801338297,6488.1215903693865,103470.71960375235,-0.0026212018175407747,10,2023,3
2023-03-04,96982.59801338297,6564.054603370027,103546.652616753,0.0007338599102377774,10,2023,3
2023-03-05,96982.59801338297,6586.4861708374565,103569.08418422042,0.00021663247338810088,10,2023,3
2023-03-06,96982.59801338297,6299.992063725467,103282.59007710844,-0.0027662126142043997,10,2023,3
2023-03-07,96982.59801338297,6213.343045239198,103195.94105862216,-0.0008389508669524037,10,2023,3
2023-03-08,96982.59801338297,6163.290352731288,103145.88836611426,-0.000485025786813309,10,2023,3
2023-03-09,96982.59801338297,6241.45662989993,103224.0546432829,0.0007578225211575251,10,2023,3
2023-03-10,96982.59801338297,6170.632739587505,103153.23075297047,-0.0006861180812668399,10,2023,3
2023-03-11,96982.59801338297,6235.446984211372,103218.04499759435,0.0006283297590463643,10,2023,3
2023-03-12,96982.59801338297,6351.038799348472,103333.63681273145,0.0011198799118874447,10,2023,3
2023-03-13,96982.59801338297,6431.303547993577,103413.90156137655,0.0007767533508045155,10,2023,3
2023-03-14,96982.59801338297,6280.96698008386,103263.56499346683,-0.0014537365445059791,10,2023,3
2023-03-15,96982.59801338297,6179.508727582128,103162.1067409651,-0.000982517430113461,10,2023,3
2023-03-16,96982.59801338297,6092.487189651337,103075.08520303431,-0.0008435416906451554,10,2023,3
2023-03-17,96982.59801338297,6154.210514170698,103136.80852755367,0.0005988190492181023,10,2023,3
2023-03-18,96982.59801338297,6033.7878529216705,103016.38586630464,-0.0011676011985271018,10,2023,3
2023-03-19,96982.59801338297,5790.017055942552,102772.61506932552,-0.002366330316572074,10,2023,3
2023-03-20,96982.59801338297,5824.702676036217,102807.3006894192,0.0003374986621706988,10,2023,3
2023-03-21,96982.59801338297,5568.0697025429545,102550.66771592593,-0.00249625242343976,10,2023,3
2023-03-22,96982.59801338297,5679.778302425813,102662.37631580878,0.0010893015362152259,10,2023,3
2023-03-23,96982.59801338297,5724.372327235586,102706.97034061856,0.0004343755366873481,10,2023,3
2023-03-24,96982.59801338297,5702.05736545,102684.65537883298,-0.00021726823127554695,10,2023,3
2023-03-25,96982.59801338297,5688.7188589347115,102671.31687231768,-0.00012989775800564818,10,2023,3
2023-03-26,96982.59801338297,5729.557207552169,102712.15522093514,0.0003977581067577951,10,2023,3
2023-03-27,96982.59801338297,5759.948604007499,102742.54661739047,0.00029588899570809346,10,2023,3
2023-03-28,96982.59801338297,5782.0742934972695,102764.67230688024,0.00021535079884826835,10,2023,3
2023-03-29,96982.59801338297,5726.808668595294,102709.40668197826,-0.000537788168456732,10,2023,3
2023-03-30,96982.59801338297,5885.729219398271,102868.32723278124,0.0015472833106227046,10,2023,3
2023-03-31,102832.34383401654,0.0,102832.34383401654,-0.00034980056284261707,0,2023,3
2023-04-01,102832.34383401654,0.0,102832.34383401654,0.0,0,2023,4
2023-04-02,102832.34383401654,0.0,102832.34383401654,0.0,0,2023,4
2023-04-03,102832.34383401654,0.0,102832.34383401654,0.0,0,2023,4
2023-04-04,102832.34383401654,0.0,102832.34383401654,0.0,0,2023,4
2023-04-05,102832.34383401654,0.0,102832.34383401654,0.0,0,2023,4
2023-04-06,102832.34383401654,0.0,102832.34383401654,0.0,0,2023,4
2023-04-07,102832.34383401654,0.0,102832.34383401654,0.0,0,2023,4
2023-04-08,102832.34383401654,0.0,102832.34383401654,0.0,0,2023,4
2023-04-09,102832.34383401654,0.0,102832.34383401654,0.0,0,2023,4
2023-04-10,102832.34383401654,0.0,102832.34383401654,0.0,0,2023,4
2023-04-11,102832.34383401654,0.0,102832.34383401654,0.0,0,2023,4
2023-04-12,102832.34383401654,0.0,102832.34383401654,0.0,0,2023,4
2023-04-13,102832.34383401654,0.0,102832.34383401654,0.0,0,2023,4
2023-04-14,102832.34383401654,0.0,102832.34383401654,0.0,0,2023,4
2023-04-15,102832.34383401654,0.0,102832.34383401654,0.0,0,2023,4
2023-04-16,102832.34383401654,0.0,102832.34383401654,0.0,0,2023,4
2023-04-17,102832.34383401654,0.0,102832.34383401654,0.0,0,2023,4
2023-04-18,102832.34383401654,0.0,102832.34383401654,0.0,0,2023,4
2023-04-19,102832.34383401654,0.0,102832.34383401654,0.0,0,2023,4
2023-04-20,102832.34383401654,0.0,102832.34383401654,0.0,0,2023,4
2023-04-21,102832.34383401654,0.0,102832.34383401654,0.0,0,2023,4
2023-04-22,102832.34383401654,0.0,102832.34383401654,0.0,0,2023,4
2023-04-23,102832.34383401654,0.0,102832.34383401654,0.0,0,2023,4
2023-04-24,102832.34383401654,0.0,102832.34383401654,0.0,0,2023,4
2023-04-25,102832.34383401654,0.0,102832.34383401654,0.0,0,2023,4
2023-04-26,102832.34383401654,0.0,102832.34383401654,0.0,0,2023,4
2023-04-27,102832.34383401654,0.0,102832.34383401654,0.0,0,2023,4
2023-04-28,102832.34383401654,0.0,102832.34383401654,0.0,0,2023,4
2023-04-29,102832.34383401654,0.0,102832.34383401654,0.0,0,2023,4
2023-04-30,102832.34383401654,0.0,102832.34383401654,0.0,0,2023,4
2023-05-01,102217.42936664705,613.9934771537664,102831.42284380081,-8.956230903578444e-06,1,2023,5
2023-05-02,102217.42936664705,625.5353553196854,102842.96472196674,0.00011224077083382689,1,2023,5
2023-05-03,102217.42936664705,610.6087181214994,102828.03808476854,-0.00014514009041399767,1,2023,5
2023-05-04,102217.42936664705,634.0548688883023,102851.48423553535,0.0002280132073264607,1,2023,5
2023-05-05,102217.42936664705,660.9772076927488,102878.4065743398,0.0002617593611269342,1,2023,5
2023-05-06,102217.42936664705,658.4036227937676,102875.83298944081,-2.501579276625865e-05,1,2023,5
2023-05-07,102217.42936664705,673.3637517014978,102890.79311834855,0.00014541927363320717,1,2023,5
2023-05-08,102217.42936664705,669.4791150726637,102886.90848171971,-3.7754948825852175e-05,1,2023,5
2023-05-09,102217.42936664705,650.9233934691772,102868.35276011622,-0.0001803506576036895,1,2023,5
2023-05-10,102217.42936664705,661.5214316759686,102878.95079832301,0.00010302525434147114,1,2023,5
2023-05-11,102217.42936664705,655.7923361862378,102873.22170283328,-5.5687732478548746e-05,1,2023,5
2023-05-12,102217.42936664705,646.7747961359319,102864.20416278297,-8.765682556688414e-05,1,2023,5
2023-05-13,102217.42936664705,638.3246895388463,102855.75405618589,-8.21481745361119e-05,1,2023,5
2023-05-14,102217.42936664705,633.2376774418419,102850.66704408888,-4.945772984399355e-05,1,2023,5
2023-05-15,102217.42936664705,604.9198419344075,102822.34920858145,-0.0002753296242142822,1,2023,5
2023-05-16,102217.42936664705,617.5704849027778,102834.99985154983,0.0001230339810922576,1,2023,5
2023-05-17,102217.42936664705,645.1679372193065,102862.59730386635,0.00026836633788462905,1,2023,5
2023-05-18,102217.42936664705,610.6663872724237,102828.09575391946,-0.0003354139488133123,1,2023,5
2023-05-19,102217.42936664705,620.3102830071964,102837.73964965425,9.378658297687359e-05,1,2023,5
2023-05-20,102217.42936664705,626.5334980171506,102843.9628646642,6.051489493197337e-05,1,2023,5
2023-05-21,102217.42936664705,610.0254289843855,102827.45479563143,-0.00016051568388586457,1,2023,5
2023-05-22,102217.42936664705,621.0564306079978,102838.48579725504,0.00010727681284650181,1,2023,5
2023-05-23,102217.42936664705,617.1316345815749,102834.56100122862,-3.816466176054245e-05,1,2023,5
2023-05-24,102217.42936664705,611.1430856912013,102828.57245233825,-5.8234788305244756e-05,1,2023,5
2023-05-25,102217.42936664705,602.9614032892777,102820.39076993632,-7.956623540339436e-05,1,2023,5
2023-05-26,102217.42936664705,611.4393661058234,102828.86873275288,8.245410033036471e-05,1,2023,5
2023-05-27,102217.42936664705,612.1805996875064,102829.60996633455,7.208419102733288e-06,1,2023,5
2023-05-28,102217.42936664705,615.6069298939159,102833.03629654096,3.3320462924368854e-05,1,2023,5
2023-05-29,102217.42936664705,598.0918070579479,102815.521173705,-0.00017032583561427117,1,2023,5
2023-05-30,102217.42936664705,594.6715783265339,102812.10094497359,-3.326568491179849e-05,1,2023,5
2023-05-31,102217.42936664705,588.8835373706069,102806.31290401766,-5.6297273401950676e-05,1,2023,5
2023-06-01,102217.42936664705,593.0263672232738,102810.45573387032,4.0297426642688094e-05,1,2023,6
2023-06-02,102217.42936664705,575.6486747089539,102793.078041356,-0.0001690265099038024,1,2023,6
2023-06-03,102786.82356471018,0.0,102786.82356471018,-6.084530947991773e-05,0,2023,6
2023-06-04,102786.82356471018,0.0,102786.82356471018,0.0,0,2023,6
2023-06-05,102786.82356471018,0.0,102786.82356471018,0.0,0,2023,6
2023-06-06,102786.82356471018,0.0,102786.82356471018,0.0,0,2023,6
2023-06-07,102786.82356471018,0.0,102786.82356471018,0.0,0,2023,6
2023-06-08,102786.82356471018,0.0,102786.82356471018,0.0,0,2023,6
2023-06-09,102786.82356471018,0.0,102786.82356471018,0.0,0,2023,6
2023-06-10,102786.82356471018,0.0,102786.82356471018,0.0,0,2023,6
2023-06-11,102786.82356471018,0.0,102786.82356471018,0.0,0,2023,6
2023-06-12,102786.82356471018,0.0,102786.82356471018,0.0,0,2023,6
2023-06-13,102786.82356471018,0.0,102786.82356471018,0.0,0,2023,6
2023-06-14,102786.82356471018,0.0,102786.82356471018,0.0,0,2023,6
2023-06-15,102786.82356471018,0.0,102786.82356471018,0.0,0,2023,6
2023-06-16,102786.82356471018,0.0,102786.82356471018,0.0,0,2023,6
2023-06-17,102786.82356471018,0.0,102786.82356471018,0.0,0,2023,6
2023-06-18,102786.82356471018,0.0,102786.82356471018,0.0,0,2023,6
2023-06-19,102786.82356471018,0.0,102786.82356471018,0.0,0,2023,6
2023-06-20,102786.82356471018,0.0,102786.82356471018,0.0,0,2023,6
2023-06-21,102786.82356471018,0.0,102786.82356471018,0.0,0,2023,6
2023-06-22,102786.82356471018,0.0,102786.82356471018,0.0,0,2023,6
2023-06-23,102786.82356471018,0.0,102786.82356471018,0.0,0,2023,6
2023-06-24,102786.82356471018,0.0,102786.82356471018,0.0,0,2023,6
2023-06-25,102786.82356471018,0.0,102786.82356471018,0.0,0,2023,6
2023-06-26,102786.82356471018,0.0,102786.82356471018,0.0,0,2023,6
2023-06-27,102786.82356471018,0.0,102786.82356471018,0.0,0,2023,6
2023-06-28,102786.82356471018,0.0,102786.82356471018,0.0,0,2023,6
2023-06-29,102786.82356471018,0.0,102786.82356471018,0.0,0,2023,6
2023-06-30,102786.82356471018,0.0,102786.82356471018,0.0,0,2023,6
2023-07-01,102786.82356471018,0.0,102786.82356471018,0.0,0,2023,7
2023-07-02,102786.82356471018,0.0,102786.82356471018,0.0,0,2023,7
2023-07-03,102786.82356471018,0.0,102786.82356471018,0.0,0,2023,7
2023-07-04,102786.82356471018,0.0,102786.82356471018,0.0,0,2023,7
2023-07-05,102786.82356471018,0.0,102786.82356471018,0.0,0,2023,7
2023-07-06,102786.82356471018,0.0,102786.82356471018,0.0,0,2023,7
2023-07-07,102786.82356471018,0.0,102786.82356471018,0.0,0,2023,7
2023-07-08,102786.82356471018,0.0,102786.82356471018,0.0,0,2023,7
2023-07-09,102786.82356471018,0.0,102786.82356471018,0.0,0,2023,7
2023-07-10,102786.82356471018,0.0,102786.82356471018,0.0,0,2023,7
2023-07-11,102786.82356471018,0.0,102786.82356471018,0.0,0,2023,7
2023-07-12,102786.82356471018,0.0,102786.82356471018,0.0,0,2023,7
2023-07-13,102786.82356471018,0.0,102786.82356471018,0.0,0,2023,7
2023-07-14,102786.82356471018,0.0,102786.82356471018,0.0,0,2023,7
2023-07-15,102786.82356471018,0.0,102786.82356471018,0.0,0,2023,7
2023-07-16,102786.82356471018,0.0,102786.82356471018,0.0,0,2023,7
2023-07-17,102786.82356471018,0.0,102786.82356471018,0.0,0,2023,7
2023-07-18,102786.82356471018,0.0,102786.82356471018,0.0,0,2023,7
2023-07-19,102786.82356471018,0.0,102786.82356471018,0.0,0,2023,7
2023-07-20,102786.82356471018,0.0,102786.82356471018,0.0,0,2023,7
2023-07-21,102786.82356471018,0.0,102786.82356471018,0.0,0,2023,7
2023-07-22,100008.33927929703,2774.3228012113423,102782.66208050837,-4.04865532126486e-05,5,2023,7
2023-07-23,100008.33927929703,2666.443630926055,102674.78291022308,-0.0010495852909587766,5,2023,7
2023-07-24,100008.33927929703,2645.603356539307,102653.94263583633,-0.00020297363964205672,5,2023,7
2023-07-25,100008.33927929703,2650.8974545407204,102659.23673383775,5.157228125374225e-05,5,2023,7
2023-07-26,100008.33927929703,2746.589765752682,102754.9290450497,0.0009321354245019897,5,2023,7
2023-07-27,100008.33927929703,2760.055904071042,102768.39518336806,0.0001310510205545512,5,2023,7
2023-07-28,100008.33927929703,2774.072621214439,102782.41190051146,0.0001363913206817724,5,2023,7
2023-07-29,100008.33927929703,2815.9668876880055,102824.30616698503,0.00040760151176555404,5,2023,7
2023-07-30,100008.33927929703,2629.5903451509366,102637.92962444796,-0.001812572819449798,5,2023,7
2023-07-31,100008.33927929703,2602.0860571828166,102610.42533647985,-0.0002679739163558015,5,2023,7
2023-08-01,100008.33927929703,2630.2625956801476,102638.60187497718,0.0002745972293256571,5,2023,8
2023-08-02,100008.33927929703,2519.232646859928,102527.57192615696,-0.0010817562475710085,5,2023,8
2023-08-03,100008.33927929703,2591.5319140657452,102599.87119336278,0.0007051690179289416,5,2023,8
2023-08-04,100008.33927929703,2671.1125616341137,102679.45184093114,0.0007756408136068149,5,2023,8
2023-08-05,100008.33927929703,2707.588160934524,102715.92744023155,0.0003552375733064661,5,2023,8
2023-08-06,100008.33927929703,2727.920588243382,102736.25986754042,0.0001979481450984366,5,2023,8
2023-08-07,100008.33927929703,2894.2765617784135,102902.61584107544,0.001619252771606794,5,2023,8
2023-08-08,100008.33927929703,2911.8984786482115,102920.23775794524,0.00017124848310001717,5,2023,8
2023-08-09,100008.33927929703,2910.0877257694474,102918.42700506648,-1.7593749472522013e-05,5,2023,8
2023-08-10,102866.51199837783,0.0,102866.51199837783,-0.000504428683952729,0,2023,8
2023-08-11,102866.51199837783,0.0,102866.51199837783,0.0,0,2023,8
2023-08-12,101731.16188573798,1133.6496381825787,102864.81152392057,-1.6530884777044008e-05,2,2023,8
2023-08-13,101731.16188573798,1122.1196486025785,102853.28153434055,-0.00011208876397283962,2,2023,8
2023-08-14,101731.16188573798,1127.185169923874,102858.34705566186,4.9249972832621225e-05,2,2023,8
2023-08-15,101731.16188573798,1119.527318674963,102850.68920441295,-7.445045995890798e-05,2,2023,8
2023-08-16,101731.16188573798,1136.8292640118252,102867.99114974981,0.00016822391245696622,2,2023,8
2023-08-17,101731.16188573798,1165.464781404567,102896.62666714254,0.0002783715038339185,2,2023,8
2023-08-18,101731.16188573798,1203.451363905322,102934.6132496433,0.0003691722822327659,2,2023,8
2023-08-19,101731.16188573798,1166.0016063371327,102897.16349207511,-0.0003638208410747801,2,2023,8
2023-08-20,101731.16188573798,1114.2535955611427,102845.41548129912,-0.0005029099833250283,2,2023,8
2023-08-21,101731.16188573798,1114.3526517333917,102845.51453747138,9.63155934563531e-07,2,2023,8
2023-08-22,101731.16188573798,1082.951585459735,102814.11347119772,-0.00030532266200300473,2,2023,8
2023-08-23,101731.16188573798,1086.4609566289266,102817.62284236691,3.4133165678351673e-05,2,2023,8
2023-08-24,101731.16188573798,1080.1486287372904,102811.31051447528,-6.139344323596863e-05,2,2023,8
2023-08-25,101731.16188573798,1033.933030695592,102765.09491643358,-0.00044951861629261014,2,2023,8
2023-08-26,101731.16188573798,1058.1033848652228,102789.26527060321,0.00023520003741817064,2,2023,8
2023-08-27,101731.16188573798,1094.7525820020285,102825.91446774,0.00035654693163067464,2,2023,8
2023-08-28,101731.16188573798,1092.7719469163872,102823.93383265437,-1.9262022573740545e-05,2,2023,8
2023-08-29,101731.16188573798,1081.1580282166997,102812.31991395468,-0.00011294956598906225,2,2023,8
2023-08-30,101731.16188573798,1059.1883150335902,102790.35020077157,-0.00021368755419093333,2,2023,8
2023-08-31,102775.17590593382,0.0,102775.17590593382,-0.00014762372934917778,0,2023,8
2023-09-01,102775.17590593382,0.0,102775.17590593382,0.0,0,2023,9
2023-09-02,102775.17590593382,0.0,102775.17590593382,0.0,0,2023,9
2023-09-03,102775.17590593382,0.0,102775.17590593382,0.0,0,2023,9
2023-09-04,102775.17590593382,0.0,102775.17590593382,0.0,0,2023,9
2023-09-05,102775.17590593382,0.0,102775.17590593382,0.0,0,2023,9
2023-09-06,102775.17590593382,0.0,102775.17590593382,0.0,0,2023,9
2023-09-07,102775.17590593382,0.0,102775.17590593382,0.0,0,2023,9
2023-09-08,102775.17590593382,0.0,102775.17590593382,0.0,0,2023,9
2023-09-09,102775.17590593382,0.0,102775.17590593382,0.0,0,2023,9
2023-09-10,102775.17590593382,0.0,102775.17590593382,0.0,0,2023,9
2023-09-11,102775.17590593382,0.0,102775.17590593382,0.0,0,2023,9
2023-09-12,102775.17590593382,0.0,102775.17590593382,0.0,0,2023,9
2023-09-13,102775.17590593382,0.0,102775.17590593382,0.0,0,2023,9
2023-09-14,102775.17590593382,0.0,102775.17590593382,0.0,0,2023,9
2023-09-15,102775.17590593382,0.0,102775.17590593382,0.0,0,2023,9
2023-09-16,102775.17590593382,0.0,102775.17590593382,0.0,0,2023,9
2023-09-17,102775.17590593382,0.0,102775.17590593382,0.0,0,2023,9
2023-09-18,102775.17590593382,0.0,102775.17590593382,0.0,0,2023,9
2023-09-19,102775.17590593382,0.0,102775.17590593382,0.0,0,2023,9
2023-09-20,102775.17590593382,0.0,102775.17590593382,0.0,0,2023,9
2023-09-21,102775.17590593382,0.0,102775.17590593382,0.0,0,2023,9
2023-09-22,102775.17590593382,0.0,102775.17590593382,0.0,0,2023,9
2023-09-23,102775.17590593382,0.0,102775.17590593382,0.0,0,2023,9
2023-09-24,102775.17590593382,0.0,102775.17590593382,0.0,0,2023,9
2023-09-25,101567.34196545291,1206.0249031262172,102773.36686857913,-1.760189013289004e-05,2,2023,9
2023-09-26,101567.34196545291,1187.064339330847,102754.40630478376,-0.00018448907896173594,2,2023,9
2023-09-27,101567.34196545291,1182.8857018573938,102750.2276673103,-4.066626068621737e-05,2,2023,9
2023-09-28,101567.34196545291,1158.176372311064,102725.51833776398,-0.00024047956006800764,2,2023,9
2023-09-29,101567.34196545291,1198.4792770084268,102765.82124246134,0.0003923358611328531,2,2023,9
2023-09-30,101567.34196545291,1230.7870024204567,102798.12896787337,0.00031438200971312114,2,2023,9
2023-10-01,101567.34196545291,1206.9992029289815,102774.3411683819,-0.00023140303943580687,2,2023,10
2023-10-02,101567.34196545291,1168.4042612578635,102735.74622671078,-0.0003755309081270308,2,2023,10
2023-10-03,101567.34196545291,1171.660602880537,102739.00256833345,3.1696286271198915e-05,2,2023,10
2023-10-04,101567.34196545291,1191.1815212482175,102758.52348670113,0.00019000494339715956,2,2023,10
2023-10-05,101567.34196545291,1225.5598946820214,102792.90186013494,0.0003345549572659756,2,2023,10
2023-10-06,101567.34196545291,1199.742590704434,102767.08455615735,-0.00025115843127687665,2,2023,10
2023-10-07,101567.34196545291,1188.97246086075,102756.31442631366,-0.00010480135629231668,2,2023,10
2023-10-08,101567.34196545291,1188.2487425715042,102755.59070802442,-7.043054174205032e-06,2,2023,10
2023-10-09,101567.34196545291,1112.314649054331,102679.65661450724,-0.000738977733415469,2,2023,10
2023-10-10,101567.34196545291,1094.9463647150394,102662.28833016795,-0.0001691501988996258,2,2023,10
2023-10-11,101567.34196545291,1112.8067685318988,102680.14873398481,0.00017397239149219423,2,2023,10
2023-10-12,101567.34196545291,1114.3969620300861,102681.738927483,1.5486863992775213e-05,2,2023,10
2023-10-13,101567.34196545291,1129.589225783989,102696.9311912369,0.00014795487408547636,2,2023,10
2023-10-14,101567.34196545291,1160.5529433528452,102727.89490880576,0.0003015057724675696,2,2023,10
2023-10-15,101567.34196545291,1178.5055918736416,102745.84755732656,0.00017475923688237138,2,2023,10
2023-10-16,101567.34196545291,1172.1402927616962,102739.48225821462,-6.195188675039986e-05,2,2023,10
2023-10-17,101567.34196545291,1240.0195464232256,102807.36151187614,0.0006606929699228825,2,2023,10
2023-10-18,101567.34196545291,1227.1714230719372,102794.51338852485,-0.0001249727953557267,2,2023,10
2023-10-19,101567.34196545291,1200.5097715661507,102767.85173701907,-0.00025936842956797435,2,2023,10
2023-10-20,101567.34196545291,1229.844632451215,102797.18659790413,0.0002854478359646251,2,2023,10
2023-10-21,101567.34196545291,1228.376786749184,102795.7187522021,-1.427904547401937e-05,2,2023,10
2023-10-22,101567.34196545291,1221.5923452394381,102788.93431069235,-6.59992613710747e-05,2,2023,10
2023-10-23,101567.34196545291,1237.3173100006711,102804.65927545358,0.00015298305081845598,2,2023,10
2023-10-24,101567.34196545291,1238.492683606238,102805.83464905915,1.1433077195643904e-05,2,2023,10
2023-10-25,101567.34196545291,1247.8682615089938,102815.2102269619,9.119694358550312e-05,2,2023,10
2023-10-26,101567.34196545291,1281.2427991242648,102848.58476457717,0.0003246070065079376,2,2023,10
2023-10-27,101567.34196545291,1254.4624873680286,102821.80445282094,-0.00026038580713128034,2,2023,10
2023-10-28,101567.34196545291,1276.2253111677499,102843.56727662067,0.0002116557272606734,2,2023,10
2023-10-29,101567.34196545291,1273.203942847385,102840.5459083003,-2.937829171412165e-05,2,2023,10
2023-10-30,101567.34196545291,1310.3323068263885,102877.6742722793,0.00036102846062391336,2,2023,10
2023-10-31,101567.34196545291,1287.846975467589,102855.1889409205,-0.00021856376048401405,2,2023,10
2023-11-01,101567.34196545291,1321.8325896995211,102889.17455515244,0.0003304219707520595,2,2023,11
2023-11-02,101567.34196545291,1360.6285088461711,102927.97047429909,0.00037706512190793795,2,2023,11
2023-11-03,101567.34196545291,1339.9277348358512,102907.26970028876,-0.00020111903416475396,2,2023,11
2023-11-04,101567.34196545291,1325.828686689144,102893.17065214206,-0.00013700730947152628,2,2023,11
2023-11-05,101567.34196545291,1301.2075063320826,102868.549471785,-0.00023928877107204372,2,2023,11
2023-11-06,101567.34196545291,1251.1928187633569,102818.53478421627,-0.00048619998848564716,2,2023,11
2023-11-07,101567.34196545291,1197.2579346570353,102764.59990010996,-0.0005245638271300646,2,2023,11
2023-11-08,101567.34196545291,1216.3303739423131,102783.67233939523,0.0001855934758059341,2,2023,11
2023-11-09,101567.34196545291,1229.9350209563947,102797.27698640931,0.000132361947227988,2,2023,11
2023-11-10,101567.34196545291,1244.9781056759218,102812.32007112884,0.00014633738519664874,2,2023,11
2023-11-11,101567.34196545291,1265.788996251771,102833.13096170468,0.0002024163112110955,2,2023,11
2023-11-12,101567.34196545291,1287.643172617238,102854.98513807016,0.00021252077186706408,2,2023,11
2023-11-13,101567.34196545291,1282.2182895175201,102849.56025497043,-5.274302545899001e-05,2,2023,11
2023-11-14,101567.34196545291,1290.1363100015067,102857.47827545441,7.698643012532536e-05,2,2023,11
2023-11-15,101567.34196545291,1289.2341872989596,102856.57615275188,-8.770608784680611e-06,2,2023,11
2023-11-16,101567.34196545291,1261.6084869795875,102828.9504524325,-0.00026858467735058067,2,2023,11
2023-11-17,101567.34196545291,1282.71425592109,102850.056221374,0.00020525123371029075,2,2023,11
2023-11-18,101567.34196545291,1273.7041318513618,102841.04609730428,-8.760446421474111e-05,2,2023,11
2023-11-19,101567.34196545291,1299.841045400201,102867.18301085311,0.0002541486550429184,2,2023,11
2023-11-20,101567.34196545291,1325.8781077198826,102893.2200731728,0.00025311339882749806,2,2023,11
2023-11-21,101567.34196545291,1351.953168080228,102919.29513353315,0.00025341864451133844,2,2023,11
2023-11-22,101567.34196545291,1359.5655318912852,102926.9074973442,7.39643990097516e-05,2,2023,11
2023-11-23,101567.34196545291,1411.3987755161725,102978.74074096908,0.0005035927425121045,2,2023,11
2023-11-24,101567.34196545291,1392.2028089280495,102959.54477438096,-0.00018640708218020663,2,2023,11
2023-11-25,101567.34196545291,1378.1494383984693,102945.49140385138,-0.00013649410125482486,2,2023,11
2023-11-26,101567.34196545291,1401.1433482183895,102968.4853136713,0.00022336004720902025,2,2023,11
2023-11-27,101567.34196545291,1380.7224498815706,102948.06441533449,-0.00019832182900048068,2,2023,11
2023-11-28,101567.34196545291,1377.353848090814,102944.69581354373,-3.272137081833382e-05,2,2023,11
2023-11-29,101567.34196545291,1363.8062053897884,102931.1481708427,-0.00013160117278476768,2,2023,11
2023-11-30,101567.34196545291,1412.0808010675805,102979.4227665205,0.00046899890398255373,2,2023,11
2023-12-01,101567.34196545291,1409.513512559153,102976.85547801206,-2.4930111661825016e-05,2,2023,12
2023-12-02,101567.34196545291,1405.8174296673646,102973.15939512028,-3.589236508172444e-05,2,2023,12
2023-12-03,101567.34196545291,1468.8255858794482,103036.16755133236,0.0006118891231676749,2,2023,12
2023-12-04,101567.34196545291,1459.1057086840347,103026.44767413694,-9.433461498431495e-05,2,2023,12
2023-12-05,101567.34196545291,1488.129581508628,103055.47154696155,0.00028171283665345825,2,2023,12
2023-12-06,101567.34196545291,1465.7214565615552,103033.06342201447,-0.00021743750827307728,2,2023,12
2023-12-07,101567.34196545291,1439.8132982478912,103007.1552637008,-0.00025145479958754713,2,2023,12
2023-12-08,101567.34196545291,1428.822622086471,102996.16458753939,-0.0001066981816290058,2,2023,12
2023-12-09,101567.34196545291,1478.7960377400352,103046.13800319294,0.00048519686003523077,2,2023,12
2023-12-10,101567.34196545291,1461.2355914209306,103028.57755687385,-0.00017041343479129445,2,2023,12
2023-12-11,101567.34196545291,1517.806163487581,103085.14812894049,0.0005490765126348052,2,2023,12
2023-12-12,101567.34196545291,1520.782556681753,103088.12452213466,2.8873152420061388e-05,2,2023,12
2023-12-13,101567.34196545291,1489.8556464797382,103057.19761193266,-0.0003000045868073453,2,2023,12
2023-12-14,101567.34196545291,1473.0752868614009,103040.41725231432,-0.00016282569298575744,2,2023,12
2023-12-15,101567.34196545291,1463.614977236171,103030.95694268908,-9.181163933058567e-05,2,2023,12
2023-12-16,101567.34196545291,1450.3099407394986,103017.65190619242,-0.00012913629933630766,2,2023,12
2023-12-17,101567.34196545291,1490.7302014594654,103058.07216691237,0.00039236247353757747,2,2023,12
2023-12-18,101567.34196545291,1534.4773405629057,103101.81930601582,0.00042449017513734866,2,2023,12
2023-12-19,101567.34196545291,1549.0849091023736,103116.42687455528,0.00014168099688038893,2,2023,12
2023-12-20,101567.34196545291,1511.671527507165,103079.01349296008,-0.00036282659057540467,2,2023,12
2023-12-21,101567.34196545291,1522.25702659488,103089.59899204779,0.00010269305777188542,2,2023,12
2023-12-22,101567.34196545291,1560.1169777247205,103127.45894317764,0.00036725287031891263,2,2023,12
2023-12-23,101567.34196545291,1503.4547448123924,103070.7967102653,-0.000549438854530071,2,2023,12
2023-12-24,101567.34196545291,1469.0027163702832,103036.34468182319,-0.0003342559632963926,2,2023,12
2023-12-25,101567.34196545291,1487.9928620802696,103055.33482753318,0.00018430531254409743,2,2023,12
2023-12-26,101567.34196545291,1474.5644318097,103041.90639726262,-0.00013030310651107602,2,2023,12
2023-12-27,101567.34196545291,1486.6982591271953,103054.04022458011,0.00011775623861920437,2,2023,12
2023-12-28,101567.34196545291,1485.4490944419747,103052.7910598949,-1.2121452807600797e-05,2,2023,12
2023-12-29,101567.34196545291,1504.8695980113655,103072.21156346428,0.00018845199018535652,2,2023,12
2023-12-30,101567.34196545291,1471.7082468101398,103039.05021226306,-0.000321729307038332,2,2023,12
2023-12-31,101567.34196545291,1444.2576378695496,103011.59960332247,-0.0002664097629397899,2,2023,12
2024-01-01,101567.34196545291,1466.631536764048,103033.97350221696,0.0002171978590823631,2,2024,1
2024-01-02,101567.34196545291,1436.09730232673,103003.43926777964,-0.0002963511296267818,2,2024,1
2024-01-03,101567.34196545291,1486.3082411145285,103053.65020656744,0.0004874685655618105,2,2024,1
2024-01-04,101567.34196545291,1437.5045421347525,103004.84650758766,-0.00047357564610239766,2,2024,1
2024-01-05,101567.34196545291,1467.4929652410335,103034.83493069395,0.00029113603993469184,2,2024,1
2024-01-06,101567.34196545291,1501.6606230700872,103069.002588523,0.0003316126808183828,2,2024,1
2024-01-07,101567.34196545291,1474.9350043700915,103042.27696982301,-0.00025929831500048905,2,2024,1
2024-01-08,101567.34196545291,1457.7521808200893,103025.094146273,-0.00016675508398411587,2,2024,1
2024-01-09,101567.34196545291,1462.1795055050486,103029.52147095796,4.297326512192612e-05,2,2024,1
2024-01-10,101567.34196545291,1516.6183006306528,103083.96026608357,0.0005283805490734483,2,2024,1
2024-01-11,101567.34196545291,1459.7698078822045,103027.11177333511,-0.0005514775780995906,2,2024,1
2024-01-12,101567.34196545291,1490.8015318383034,103058.14349729121,0.00030119959127228313,2,2024,1
2024-01-13,101567.34196545291,1463.6315862291458,103030.97355168207,-0.000263637056588939,2,2024,1
2024-01-14,101567.34196545291,1469.7353363276554,103037.07730178056,5.924189482131581e-05,2,2024,1
2024-01-15,101567.34196545291,1519.3481685062184,103086.69013395913,0.00048150465325469405,2,2024,1
2024-01-16,101567.34196545291,1551.6883833955592,103119.03034884848,0.000313718626985926,2,2024,1
2024-01-17,101567.34196545291,1608.7475736388924,103176.0895390918,0.0005533332698173243,2,2024,1
2024-01-18,101567.34196545291,1621.6943442088796,103189.0363096618,0.00012548227625042152,2,2024,1
2024-01-19,101567.34196545291,1633.6960427839206,103201.03800823684,0.0001163078850647814,2,2024,1
2024-01-20,101567.34196545291,1613.722235853248,103181.06420130616,-0.00019354269410620795,2,2024,1
