,close,returns,MA_20_50_signal,RSI_14_Standard_signal,BB_Breakout_signal,BB_Mean_Reversion_signal,final_signals,persistent_signals
2022-01-03,97.2612408428048,-0.004450955438026205,0,0,0,0,0.0,0.0
2022-01-04,101.34881435094789,0.04202674644825377,0,0,0,0,-1.0,0.0
2022-01-05,99.51066750428932,-0.018136836216884444,0,0,0,0,0.0,0.0
2022-01-06,103.40869158269038,0.03917192172621142,0,0,0,0,0.0,0.0
2022-01-07,106.9205015703029,0.03396049146221247,0,0,0,0,0.0,0.0
2022-01-08,108.63511440703537,0.01603633364556445,0,0,0,0,0.0,0.0
2022-01-09,106.41403531009105,-0.020445314657858704,0,0,0,0,0.0,0.0
2022-01-10,108.61530740028209,0.020685918767919365,0,0,0,0,0.0,0.0
2022-01-11,106.8964822924807,-0.015824888304803775,0,0,0,0,0.0,0.0
2022-01-12,106.39412024047697,-0.004699519022798304,0,0,0,0,0.0,0.0
2022-01-13,111.24917641994955,0.04563274895735736,0,0,0,0,0.0,0.0
2022-01-14,107.76157678172407,-0.03134944231011916,0,0,0,0,-1.0,0.0
2022-01-15,106.8552682886407,-0.008410312099637718,0,0,0,0,0.0,0.0
2022-01-16,104.77720865761601,-0.0194474232698697,0,0,0,0,0.0,0.0
2022-01-17,103.10442860054816,-0.01596511377330212,0,0,0,0,0.0,0.0
2022-01-18,106.6265550133353,0.03416076749169261,0,0,0,0,0.0,0.0
2022-01-19,104.09312319301394,-0.02375985813294379,0,0,0,0,0.0,0.0
2022-01-20,104.84283493732084,0.007202317706586303,0,0,0,0,0.0,0.0
2022-01-21,108.57255706609723,0.03557441127003247,0,0,0,0,-1.0,0.0
2022-01-22,107.29011004947314,-0.011811889222092753,0,0,0,0,-0.5,0.0
2022-01-23,108.57748140842179,0.011998975099895226,0,0,0,0,0.0,0.0
2022-01-24,107.87877448111253,-0.006435099785387588,0,0,0,0,0.0,0.0
2022-01-25,108.09872158891618,0.002038835803072292,0,0,0,0,0.0,0.0
2022-01-26,105.66122145123525,-0.022548834082889435,0,0,0,0,0.0,0.0
2022-01-27,102.57062099746464,-0.029250092051954724,0,0,-1,1,-1.0,0.0
2022-01-28,102.86303651653894,0.0028508701247067503,0,0,0,0,0.0,0.0
2022-01-29,101.83428745727323,-0.010001153904301674,0,0,0,0,0.0,0.0
2022-01-30,102.45177529736297,0.00606365356411831,0,0,0,0,0.0,0.0
2022-01-31,101.83869467578752,-0.005984089780738278,0,0,0,0,0.0,0.0
2022-02-01,102.76246748837798,0.009070941212781403,0,0,0,0,0.0,0.0
2022-02-02,103.44760644132606,0.006667210020288472,0,0,0,0,-1.0,0.0
2022-02-03,102.79030004599089,-0.0063540029387532115,0,0,0,0,-1.0,0.0
2022-02-04,105.14598294878131,0.022917365760547703,0,0,0,0,-1.0,0.0
2022-02-05,104.99446687334124,-0.0014410067906623913,0,0,0,0,0.0,0.0
2022-02-06,106.83025018823997,0.017484571992858466,0,0,0,0,0.0,0.0
2022-02-07,104.35095075838952,-0.02320784071442139,0,0,0,0,0.0,0.0
2022-02-08,102.09972214798937,-0.021573628165713288,0,0,0,0,-1.0,0.0
2022-02-09,99.78965516848055,-0.022625595162349854,0,0,0,0,-1.0,0.0
2022-02-10,101.73449136161575,0.019489356786047907,0,0,0,0,0.0,0.0
2022-02-11,102.4328880129128,0.006864895493649215,0,0,0,0,0.0,0.0
2022-02-12,102.77039299625675,0.0032948888769142037,0,0,0,0,0.0,0.0
2022-02-13,100.25810534228894,-0.02444563634255359,0,0,0,0,0.0,0.0
2022-02-14,96.23241592303684,-0.04015325649241108,0,0,-1,1,-1.0,0.0
2022-02-15,96.82260339418225,0.006132938319011183,0,0,-1,1,-1.0,0.0
2022-02-16,96.12518022885469,-0.0072031027970630435,0,0,-1,1,-1.0,0.0
2022-02-17,98.87608744312185,0.028617966777464643,0,0,0,0,0.0,0.0
2022-02-18,99.54359858957154,0.006750986651182789,0,0,0,0,0.0,0.0
2022-02-19,96.86263621536825,-0.026932544253871815,0,0,0,0,0.0,0.0
2022-02-20,99.0902719263032,0.022997884405932645,-1,0,0,0,-1.0,0.0
2022-02-21,97.93903796248648,-0.011618032138138945,-1,0,0,0,-1.0,0.0
2022-02-22,97.30313745976062,-0.0064928195738397365,-1,0,0,0,-1.0,0.0
2022-02-23,97.80818122149341,0.0051904160021731816,-1,0,0,0,-1.0,-1.0
2022-02-24,99.01553056703843,0.012344052721018128,-1,0,0,0,-1.0,-1.0
2022-02-25,100.27834770477077,0.012753727930360892,-1,0,0,0,-1.0,-1.0
2022-02-26,99.56904485426735,-0.007073340025422814,-1,0,0,0,-1.0,-1.0
2022-02-27,98.59253379738004,-0.009807375960235065,-1,0,0,0,-1.0,-1.0
2022-02-28,101.37208536094656,0.028192312911633266,-1,0,0,0,-1.0,-1.0
2022-03-01,101.78720457747691,0.004095005198445634,-1,0,0,0,-1.0,-1.0
2022-03-02,100.9874895750971,-0.007856734112106412,-1,0,0,0,-1.0,-1.0
2022-03-03,100.25974943176865,-0.00720624055900787,-1,0,0,0,-1.0,-1.0
2022-03-04,101.08692109557232,0.00825028656556337,-1,0,0,0,-1.0,-1.0
2022-03-05,99.75313683562776,-0.013194429561105614,-1,0,0,0,-1.0,-1.0
2022-03-06,102.97615328408719,0.032309925789805405,-1,0,1,-1,-1.0,-1.0
2022-03-07,103.05141592745069,0.0007308744885416996,-1,0,0,0,-1.0,-1.0
2022-03-08,103.66154650055425,0.005920642308622881,-1,0,0,0,-1.0,-1.0
2022-03-09,107.09177125073204,0.03309061909624744,-1,0,1,-1,-1.0,-1.0
2022-03-10,108.15227110027418,0.009902720229168827,-1,0,1,-1,-1.0,-1.0
2022-03-11,109.18250475189726,0.009525769927363648,-1,0,1,-1,-1.0,-1.0
2022-03-12,109.2158834252754,0.00030571448652860767,-1,0,0,0,-1.0,-1.0
2022-03-13,114.67210626814578,0.04995814410642474,1,-1,1,-1,1.0,-1.0
2022-03-14,119.14536804677378,0.03900915335214883,1,-1,1,-1,1.0,-1.0
2022-03-15,121.77000724384658,0.022028881525989474,1,-1,1,-1,1.0,-1.0
2022-03-16,116.13887965516672,-0.046243962007848305,1,0,0,0,1.0,1.0
2022-03-17,120.69205701299437,0.03920459170388679,1,-1,0,0,1.0,1.0
2022-03-18,124.24835799169131,0.02946590742350219,1,-1,0,0,1.0,1.0
2022-03-19,122.96240263957021,-0.010349878041906124,1,-1,0,0,1.0,1.0
2022-03-20,122.66055248637379,-0.00245481664896563,1,-1,0,0,1.0,1.0
2022-03-21,118.55023952174085,-0.03350965637538239,1,0,0,0,0.5,1.0
2022-03-22,115.91534683196059,-0.02222595838194863,1,0,0,0,0.5,1.0
2022-03-23,115.19845330053433,-0.006184629999559266,1,0,0,0,0.5,1.0
2022-03-24,116.39421928770291,0.010380052447831245,1,0,0,0,0.5,0.5
2022-03-25,114.32506941215132,-0.017777084534044363,1,0,0,0,0.5,0.5
2022-03-26,113.1028365756559,-0.010690855844479485,1,0,0,0,0.5,0.5
2022-03-27,112.93536780953114,-0.001480676976768236,1,0,0,0,0.5,0.5
2022-03-28,117.70738873221582,0.04225444176825843,1,0,0,0,0.5,0.5
2022-03-29,116.77589402058987,-0.007913646897265703,1,0,0,0,0.5,0.5
2022-03-30,117.95217703065022,0.010072995115352645,1,0,0,0,0.5,0.5
2022-03-31,118.84725210390377,0.007588457422205597,1,0,0,0,0.5,0.5
2022-04-01,119.27056479395371,0.0035618214351296196,1,0,0,0,0.5,0.5
2022-04-02,122.74079336850274,0.029095431723191956,1,0,0,0,1.0,0.5
2022-04-03,119.50087806372392,-0.0263964018470344,1,0,0,0,1.0,0.5
2022-04-04,119.94015870186142,0.0036759615933805723,1,0,0,0,1.0,0.5
2022-04-05,119.84294778869678,-0.0008104951187056786,1,0,0,0,1.0,1.0
2022-04-06,118.31650589216963,-0.012737018945983558,1,0,0,0,1.0,1.0
2022-04-07,119.75578154973734,0.012164622735558295,1,0,0,0,1.0,1.0
2022-04-08,125.29588598354526,0.046261686593452644,1,0,1,-1,1.0,1.0
2022-04-09,124.37846644392407,-0.007322024441741681,1,0,0,0,1.0,1.0
2022-04-10,123.20317135242792,-0.009449345414031418,1,0,0,0,1.0,1.0
2022-04-11,118.30135715753383,-0.0397864287183991,1,0,0,0,1.0,1.0
2022-04-12,115.73355605040146,-0.021705592977373955,1,0,0,0,1.0,1.0
2022-04-13,113.06244636965293,-0.023079820338236856,1,0,0,0,1.0,1.0
2022-04-14,116.22956209687989,0.02801209268789573,1,0,0,0,1.0,1.0
2022-04-15,121.53841296294016,0.04567556454901922,1,0,0,0,1.0,1.0
2022-04-16,120.44468055763595,-0.008999067690950602,1,0,0,0,0.5,1.0
2022-04-17,121.2087329610822,0.006343596080033098,1,0,0,0,1.0,1.0
2022-04-18,123.71515293452433,0.020678542809674294,1,0,0,0,1.0,1.0
2022-04-19,122.38517407029676,-0.010750331165426896,1,0,0,0,1.0,1.0
2022-04-20,125.06084239803614,0.02186268351591769,1,0,0,0,1.0,1.0
2022-04-21,122.383689609628,-0.021406802777543033,1,0,0,0,1.0,1.0
2022-04-22,116.73837065256363,-0.046128033687098835,1,0,0,0,0.5,1.0
2022-04-23,122.95864046050049,0.05328384980161838,1,0,0,0,0.5,1.0
2022-04-24,135.21515274195994,0.09967995933882134,1,0,1,-1,0.5,1.0
2022-04-25,132.52612716964936,-0.0198870135319984,1,0,1,-1,0.5,0.5
2022-04-26,131.89242798917843,-0.004781692440613772,1,0,0,0,0.5,0.5
2022-04-27,133.39498664891357,0.01139230418791315,1,0,0,0,0.5,0.5
2022-04-28,132.701835441047,-0.005196231322327716,1,0,0,0,0.5,0.5
2022-04-29,138.29635661989465,0.042158581757770985,1,0,0,0,0.5,0.5
2022-04-30,149.2435468406232,0.07915747376351145,1,-1,1,-1,0.5,0.5
2022-05-01,151.12779967747488,0.012625355512783987,1,-1,1,-1,0.5,0.5
2022-05-02,147.42169941812196,-0.02452295518933112,1,0,0,0,0.5,0.5
2022-05-03,147.8898519623852,0.0031756013267452143,1,0,0,0,0.5,0.5
2022-05-04,143.25727664305532,-0.03132449764374734,1,0,0,0,0.5,0.5
2022-05-05,144.92761092356238,0.011659681934823585,1,0,0,0,0.5,0.5
2022-05-06,154.57402398625143,0.06656021582924421,1,-1,0,0,0.5,0.5
2022-05-07,151.27690410088852,-0.02133036198666971,1,0,0,0,0.5,0.5
2022-05-08,150.8714583310165,-0.002680156447421922,1,0,0,0,0.5,0.5
2022-05-09,151.4948072222623,0.00413165550423833,1,0,0,0,0.5,0.5
2022-05-10,153.57917608574564,0.013758681909310067,1,0,0,0,0.5,0.5
2022-05-11,156.4081511845552,0.018420303916919734,1,0,0,0,0.5,0.5
2022-05-12,155.68915968523265,-0.004596892769828664,1,0,0,0,0.5,0.5
2022-05-13,152.25965592366344,-0.022027890499909386,1,0,0,0,0.5,0.5
2022-05-14,156.38346450277854,0.027084052923268098,1,0,0,0,0.5,0.5
2022-05-15,156.22699910683315,-0.001000523913719853,1,0,0,0,0.5,0.5
2022-05-16,165.154789018519,0.05714626769205711,1,-1,0,0,0.5,0.5
2022-05-17,165.09051049186087,-0.0003892017121642777,1,-1,0,0,0.5,0.5
2022-05-18,163.75300368437567,-0.008101657711883647,1,-1,0,0,0.5,0.5
2022-05-19,167.89051034364857,0.025266752768991596,1,-1,1,-1,0.5,0.5
2022-05-20,168.03244972003498,0.0008454282263832269,1,-1,0,0,0.5,0.5
2022-05-21,171.32035307337782,0.01956707385282397,1,-1,0,0,0.5,0.5
2022-05-22,176.77359445070695,0.03183066856623551,1,-1,1,-1,1.0,0.5
2022-05-23,175.738949788699,-0.005852936719553337,1,-1,0,0,0.5,0.5
2022-05-24,180.03802907932945,0.02446287118364765,1,-1,0,0,1.0,0.5
2022-05-25,185.27221502777215,0.029072668564575244,1,-1,1,-1,1.0,0.5
2022-05-26,190.0315847978132,0.025688524149871217,1,-1,1,-1,1.0,0.5
2022-05-27,186.2945945543523,-0.019665100659118973,1,-1,0,0,1.0,1.0
2022-05-28,183.31762801700083,-0.015979886826415268,1,-1,0,0,1.0,1.0
2022-05-29,188.90060460255125,0.030455208514004184,1,-1,0,0,1.0,1.0
2022-05-30,187.85802137000735,-0.005519215964064905,1,-1,0,0,1.0,1.0
2022-05-31,189.86935306022505,0.010706658547500414,1,-1,0,0,1.0,1.0
2022-06-01,189.8787991278891,4.975035471388445e-05,1,-1,0,0,1.0,1.0
2022-06-02,188.0520742463819,-0.009620478378298825,1,-1,0,0,1.0,1.0
2022-06-03,192.74797693121852,0.024971288956292748,1,-1,0,0,1.0,1.0
2022-06-04,194.39534467399272,0.008546744661097394,1,-1,0,0,1.0,1.0
2022-06-05,192.473428288271,-0.009886637917923546,1,-1,0,0,1.0,1.0
2022-06-06,194.18542052113585,0.008894693922637309,1,-1,0,0,1.0,1.0
2022-06-07,198.13153697816728,0.020321383791024106,1,-1,0,0,1.0,1.0
2022-06-08,196.55973788769137,-0.007933109056985299,1,-1,0,0,1.0,1.0
2022-06-09,205.58515826391374,0.04591693331102853,1,-1,1,-1,1.0,1.0
2022-06-10,201.53115082934693,-0.019719358482885196,1,-1,0,0,1.0,1.0
2022-06-11,204.93697868970668,0.01689975890250217,1,-1,0,0,1.0,1.0
2022-06-12,209.71768053120599,0.023327668203490637,1,-1,1,-1,1.0,1.0
2022-06-13,212.4247866871613,0.012908335382588287,1,-1,1,-1,1.0,1.0
2022-06-14,215.54515588634607,0.014689289549717932,1,-1,1,-1,1.0,1.0
2022-06-15,218.1034266912352,0.011868839243309504,1,-1,1,-1,1.0,1.0
2022-06-16,223.26796462753157,0.023679306715376436,1,-1,1,-1,1.0,1.0
2022-06-17,230.8890901618733,0.03413443369296498,1,-1,1,-1,1.0,1.0
2022-06-18,228.51805599525582,-0.010269147688854341,1,-1,0,0,1.0,1.0
2022-06-19,226.65464235769937,-0.008154338743346923,1,-1,0,0,1.0,1.0
2022-06-20,227.50366279749835,0.003745877123747965,1,-1,0,0,1.0,1.0
2022-06-21,220.97949263155724,-0.028677209350023936,1,0,0,0,1.0,1.0
2022-06-22,221.35380701767858,0.001693887435724406,1,0,0,0,1.0,1.0
2022-06-23,220.25954415350324,-0.0049435014419604295,1,0,0,0,1.0,1.0
2022-06-24,225.62237922980307,0.024347798852077718,1,-1,0,0,1.0,1.0
2022-06-25,223.29033312098773,-0.010336058491964062,1,0,0,0,1.0,1.0
2022-06-26,221.51858700832852,-0.007934719286298852,1,0,0,0,1.0,1.0
2022-06-27,228.18450998205356,0.030091935235549316,1,0,0,0,1.0,1.0
2022-06-28,233.11646148876184,0.021613875135942262,1,-1,0,0,1.0,1.0
2022-06-29,243.2035745389594,0.043270702488266144,1,-1,1,-1,1.0,1.0
2022-06-30,243.67234581418472,0.00192748513714891,1,-1,1,-1,1.0,1.0
2022-07-01,247.85960950605553,0.017183992208388954,1,-1,1,-1,1.0,1.0
2022-07-02,238.06853469271795,-0.03950250237563768,1,0,0,0,1.0,1.0
2022-07-03,231.72130934063915,-0.0266613366620303,1,0,0,0,1.0,1.0
2022-07-04,232.70956055276042,0.004264826635639762,1,0,0,0,1.0,1.0
2022-07-05,233.68487897387257,0.004191140315831676,1,0,0,0,1.0,1.0
2022-07-06,231.82289583303591,-0.007967923080914652,1,0,0,0,1.0,1.0
2022-07-07,234.36563148510152,0.01096844055427959,1,0,0,0,1.0,1.0
2022-07-08,232.2919906105582,-0.00884788806875525,1,0,0,0,1.0,1.0
2022-07-09,224.7511389984407,-0.032462813686761516,1,0,0,0,1.0,1.0
2022-07-10,218.72126605487315,-0.026829109611806623,1,0,0,0,1.0,1.0
2022-07-11,224.94644466711836,0.028461697961657872,1,0,0,0,1.0,1.0
2022-07-12,228.2371229407358,0.014628718753421754,1,0,0,0,1.0,1.0
2022-07-13,223.5083614614388,-0.02071863427986198,1,0,0,0,1.0,1.0
2022-07-14,230.9103072573929,0.03311708675038161,1,0,0,0,1.0,1.0
2022-07-15,228.56511794097435,-0.010156278185557088,1,0,0,0,1.0,1.0
2022-07-16,219.9367569191246,-0.03775012171401393,1,0,0,0,0.5,1.0
2022-07-17,218.21884687318558,-0.007810927422971514,1,0,0,0,1.0,1.0
2022-07-18,218.43749413459796,0.0010019632334481443,1,0,0,0,1.0,1.0
2022-07-19,215.46803439879756,-0.013594093576126953,1,0,0,0,1.0,1.0
2022-07-20,215.8267500727908,0.001664820839871295,1,0,0,0,1.0,1.0
2022-07-21,218.93582910505518,0.014405438766120549,1,0,0,0,1.0,1.0
2022-07-22,218.30183234555483,-0.00289581089624269,1,0,0,0,1.0,1.0
2022-07-23,226.98174601802287,0.03976106649773059,1,0,0,0,1.0,1.0
2022-07-24,221.6347078050844,-0.023557128741594546,1,0,0,0,1.0,1.0
2022-07-25,222.22681216707528,0.002671532666768117,1,0,0,0,1.0,1.0
2022-07-26,225.23224531279823,0.013524169817381804,1,0,0,0,1.0,1.0
2022-07-27,228.6847463267434,0.015328626721055949,-1,0,0,0,-1.0,1.0
2022-07-28,232.60829954442616,0.01715703946461211,-1,0,0,0,-1.0,1.0
2022-07-29,248.56686664419038,0.06860704081075264,-1,0,1,-1,-0.5,1.0
2022-07-30,253.34377803855892,0.019217812328971462,-1,-1,1,-1,-1.0,-1.0
2022-07-31,263.2838454920294,0.03923549072500854,1,-1,1,-1,0.5,-1.0
2022-08-01,268.0778143577832,0.018208366931114828,1,-1,1,-1,0.5,-1.0
2022-08-02,273.8592663252736,0.02156632014230886,1,-1,1,-1,1.0,-1.0
2022-08-03,272.0298647850835,-0.006680079022841179,1,-1,0,0,1.0,1.0
2022-08-04,281.5469337852499,0.03498538297508391,1,-1,0,0,1.0,1.0
2022-08-05,274.9622604275214,-0.023387480265549487,1,-1,0,0,1.0,1.0
2022-08-06,281.78845954196305,0.024825949218732823,1,-1,0,0,1.0,1.0
2022-08-07,279.36272755387836,-0.008608343975575306,1,-1,0,0,1.0,1.0
2022-08-08,273.277532573987,-0.02178241540370751,1,0,0,0,1.0,1.0
2022-08-09,283.9037129117991,0.03888420770534884,1,-1,0,0,1.0,1.0
2022-08-10,272.2713063226629,-0.04097306960106606,1,0,0,0,0.5,1.0
2022-08-11,278.8685652733246,0.024230459829811757,1,0,0,0,0.5,1.0
2022-08-12,268.70507837685864,-0.03644543760787278,1,0,0,0,0.5,1.0
2022-08-13,264.7041014671365,-0.014889844784067519,1,0,0,0,0.5,0.5
2022-08-14,261.2604487739128,-0.013009442143650629,1,0,0,0,0.5,0.5
2022-08-15,259.5861818791306,-0.006408420802457737,1,0,0,0,0.5,0.5
2022-08-16,244.99069293590344,-0.056225985672932244,1,0,0,0,0.5,0.5
2022-08-17,235.92914757075428,-0.036987304523931064,1,0,-1,1,0.5,0.5
2022-08-18,241.31781612878564,0.02284019848126362,1,0,0,0,0.5,0.5
2022-08-19,241.48358612811919,0.0006869364309392001,1,0,0,0,0.5,0.5
2022-08-20,243.91548483850394,0.010070658421871048,1,0,0,0,0.5,0.5
2022-08-21,240.2707853038801,-0.014942468851606439,1,0,0,0,0.5,0.5
2022-08-22,237.53434439111248,-0.011388987259964733,1,0,0,0,0.5,0.5
2022-08-23,245.62131155276336,0.03404546480375603,1,0,0,0,0.5,0.5
2022-08-24,243.51114676987862,-0.008591130669992508,1,0,0,0,0.5,0.5
2022-08-25,241.42963575437577,-0.008547908558247275,1,0,0,0,0.5,0.5
2022-08-26,245.49073951583168,0.016821065685521663,1,0,0,0,0.5,0.5
2022-08-27,241.97432765468838,-0.014324010217568794,1,0,0,0,0.5,0.5
2022-08-28,245.33029544310773,0.013869106780652007,1,0,0,0,0.5,0.5
2022-08-29,242.98832168697194,-0.00954620688776242,1,0,0,0,1.0,0.5
2022-08-30,234.5557665129295,-0.034703540958259005,1,0,0,0,1.0,0.5
2022-08-31,235.4763881256871,0.003924958343357821,1,0,0,0,1.0,0.5
2022-09-01,236.12167234641552,0.002740335138757155,-1,0,0,0,-1.0,-1.0
2022-09-02,227.75572502414744,-0.03543066267121109,-1,0,0,0,-1.0,-1.0
2022-09-03,225.4668655191239,-0.010049624459630424,-1,0,-1,1,-1.0,-1.0
2022-09-04,230.19352119872818,0.020963859451017086,-1,0,0,0,-1.0,-1.0
2022-09-05,230.10149398603906,-0.00039978194090728447,-1,0,0,0,-1.0,-1.0
2022-09-06,234.4523459971652,0.01890840400797278,-1,0,0,0,-1.0,-1.0
2022-09-07,238.07253214536217,0.015441031877073907,-1,0,0,0,-1.0,-1.0
2022-09-08,243.88274721603415,0.024405230701391334,-1,0,0,0,-1.0,-1.0
2022-09-09,254.63165224622722,0.044074069006085015,-1,0,1,-1,-1.0,-1.0
2022-09-10,263.7124970838348,0.035662670989647705,-1,0,1,-1,-1.0,-1.0
2022-09-11,262.5567684372827,-0.004382532717760124,-1,0,1,-1,-1.0,-1.0
2022-09-12,261.987867410289,-0.002166773419629342,-1,0,0,0,-1.0,-1.0
2022-09-13,263.2044833070452,0.0046437871676359155,-1,0,0,0,-1.0,-1.0
2022-09-14,276.0269533270612,0.0487167614278734,-1,-1,1,-1,-1.0,-1.0
2022-09-15,278.4567595837195,0.008802786203922608,-1,-1,1,-1,-1.0,-1.0
2022-09-16,289.7305820884768,0.0404867977405583,-1,-1,1,-1,-1.0,-1.0
2022-09-17,288.3012304745592,-0.004933381915068646,-1,-1,0,0,-1.0,-1.0
2022-09-18,296.1216096646914,0.027125722555049192,-1,-1,0,0,-1.0,-1.0
2022-09-19,297.6527898510522,0.005170781653168088,-1,-1,0,0,-1.0,-1.0
2022-09-20,301.9235330592679,0.014348070482903319,1,-1,0,0,1.0,-1.0
2022-09-21,290.2559359070254,-0.038644212440214654,1,0,0,0,1.0,-1.0
2022-09-22,305.1488957856675,0.051309751278997506,1,-1,0,0,1.0,-1.0
2022-09-23,300.92826366921287,-0.013831385840632815,1,0,0,0,1.0,1.0
2022-09-24,302.4549343650393,0.005073204747243709,1,0,0,0,1.0,1.0
2022-09-25,290.79027325077504,-0.03856660873710838,1,0,0,0,0.5,1.0
2022-09-26,285.70382049053984,-0.017491825649369908,1,0,0,0,0.5,1.0
2022-09-27,290.12227565031054,0.015465159521438787,1,0,0,0,0.5,1.0
2022-09-28,301.60853806905357,0.03959110824219381,1,0,0,0,0.5,0.5
2022-09-29,289.0820735895651,-0.04153219454490553,1,0,0,0,0.5,0.5
2022-09-30,294.17895857217053,0.017631273082127974,1,0,0,0,0.5,0.5
2022-10-01,314.33503601864305,0.06851638045189312,1,0,0,0,0.5,0.5
2022-10-02,326.71268312367886,0.03937724302645562,1,0,1,-1,0.5,0.5
2022-10-03,333.62462090091765,0.02115601301778125,1,-1,1,-1,0.5,0.5
2022-10-04,335.0262000961921,0.004201066430557843,1,-1,1,-1,0.5,0.5
2022-10-05,333.0286172398166,-0.00596246757955643,1,-1,0,0,0.5,0.5
2022-10-06,339.87215833340946,0.02054940848721354,1,-1,0,0,0.5,0.5
2022-10-07,326.58506714776985,-0.039094379636137155,1,0,0,0,0.5,0.5
2022-10-08,325.7680339113747,-0.002501747074753702,1,0,0,0,0.5,0.5
2022-10-09,320.4569547824836,-0.016303254389704702,1,0,0,0,0.5,0.5
2022-10-10,330.5718065160806,0.03156383902001014,1,0,0,0,0.5,0.5
2022-10-11,327.38181736080315,-0.009649912945985828,1,0,0,0,0.5,0.5
2022-10-12,335.9584190858832,0.02619755059771034,1,0,0,0,0.5,0.5
2022-10-13,333.85880777986773,-0.0062496165797193415,1,0,0,0,0.5,0.5
2022-10-14,326.433516758555,-0.022240812128606846,1,0,0,0,0.5,0.5
2022-10-15,321.79263665812414,-0.014216922779603847,1,0,0,0,0.5,0.5
2022-10-16,324.33064703471365,0.007887098980720042,1,0,0,0,0.5,0.5
2022-10-17,326.4681094144832,0.006590380524664985,1,0,0,0,0.5,0.5
2022-10-18,334.11167038811584,0.023412887057609577,1,0,0,0,0.5,0.5
2022-10-19,328.95627280021864,-0.01543016316044421,1,0,0,0,0.5,0.5
2022-10-20,331.4658990295373,0.007629057223793367,1,0,0,0,0.5,0.5
2022-10-21,335.7012039048218,0.01277749804032502,1,0,0,0,1.0,0.5
2022-10-22,336.6244530405874,0.0027502109763877236,1,0,0,0,1.0,0.5
2022-10-23,337.5845078238855,0.0028520054756162594,1,0,0,0,1.0,0.5
2022-10-24,345.89947218692896,0.02463076406154663,1,0,1,-1,1.0,1.0
2022-10-25,338.8066367247164,-0.02050548217772219,1,0,0,0,1.0,1.0
2022-10-26,351.14951140511096,0.036430439497037614,1,0,1,-1,1.0,1.0
2022-10-27,362.3706777414114,0.03195552313713712,1,-1,1,-1,1.0,1.0
2022-10-28,354.22714925851915,-0.02247292339890561,1,0,0,0,1.0,1.0
2022-10-29,353.5788993679794,-0.0018300401081529083,1,0,0,0,1.0,1.0
2022-10-30,360.88425688626774,0.020661180662496115,1,0,0,0,1.0,1.0
2022-10-31,366.2025015387453,0.014736704500117881,1,0,0,0,1.0,1.0
2022-11-01,363.1486261008775,-0.00833930796495308,1,0,0,0,1.0,1.0
2022-11-02,360.21847579741654,-0.008068735754068301,1,0,0,0,1.0,1.0
2022-11-03,367.72318582345946,0.020833773196751615,1,0,0,0,1.0,1.0
2022-11-04,371.43664653731753,0.01009852208677664,1,0,0,0,1.0,1.0
2022-11-05,378.2157964156813,0.01825116057223153,1,-1,0,0,1.0,1.0
2022-11-06,375.0520546553307,-0.008364911752320014,1,0,0,0,1.0,1.0
2022-11-07,378.6766627706281,0.0096642801187381,1,-1,0,0,1.0,1.0
2022-11-08,368.3780767104451,-0.02719625229828615,1,0,0,0,1.0,1.0
2022-11-09,380.30870535452664,0.032386912789762246,1,0,0,0,1.0,1.0
2022-11-10,374.97705634387114,-0.014019266284439391,1,0,0,0,1.0,1.0
2022-11-11,380.93491899566925,0.015888605852019122,1,0,0,0,1.0,1.0
2022-11-12,374.54334270846056,-0.016778656847894147,1,0,0,0,1.0,1.0
2022-11-13,371.17108326710013,-0.009003656070815103,1,0,0,0,1.0,1.0
2022-11-14,376.5192727418769,0.014408960492561018,1,0,0,0,1.0,1.0
2022-11-15,375.95578996979646,-0.001496557581175173,1,0,0,0,1.0,1.0
2022-11-16,377.5580282940889,0.004261773237808519,1,0,0,0,1.0,1.0
2022-11-17,378.1625765414776,0.001601206177816561,1,0,0,0,1.0,1.0
2022-11-18,384.95254824309734,0.0179551656425605,1,0,0,0,1.0,1.0
2022-11-19,380.69405661270883,-0.01106238067477161,1,0,0,0,1.0,1.0
2022-11-20,385.92872202690467,0.013750320823950224,1,0,0,0,1.0,1.0
2022-11-21,386.17725665329436,0.0006439910071589505,1,0,0,0,1.0,1.0
2022-11-22,375.9330850140446,-0.026527123135184683,1,0,0,0,1.0,1.0
2022-11-23,373.837056413624,-0.005575536402554926,1,0,0,0,1.0,1.0
2022-11-24,376.31064669238754,0.006616760527952348,1,0,0,0,1.0,1.0
2022-11-25,389.4055323187328,0.03479807372298338,1,0,1,-1,1.0,1.0
2022-11-26,398.9292530260567,0.02445707602204439,1,0,1,-1,1.0,1.0
2022-11-27,396.94482632465247,-0.004974382516076403,1,0,1,-1,1.0,1.0
2022-11-28,389.3456378746449,-0.0191441932128682,1,0,0,0,1.0,1.0
2022-11-29,388.1257059030993,-0.003133287888378522,1,0,0,0,1.0,1.0
2022-11-30,397.127653024801,0.023193380352779736,1,0,0,0,1.0,1.0
2022-12-01,406.0681414016536,0.022512882970388892,1,0,1,-1,1.0,1.0
2022-12-02,408.2315702318024,0.005327748251023001,1,0,1,-1,1.0,1.0
2022-12-03,409.89575893366316,0.004076580115829342,1,0,0,0,1.0,1.0
2022-12-04,409.68197906224077,-0.0005215469220236635,1,0,0,0,1.0,1.0
2022-12-05,411.0184554685999,0.0032622289352788325,1,0,0,0,1.0,1.0
2022-12-06,406.3487965256849,-0.011361190430223211,1,0,0,0,1.0,1.0
2022-12-07,400.86262190194674,-0.01350114647968792,1,0,0,0,1.0,1.0
2022-12-08,402.507537458704,0.0041034395997130435,1,0,0,0,1.0,1.0
2022-12-09,409.09317976208206,0.016361537835931195,1,0,0,0,1.0,1.0
2022-12-10,406.442273698359,-0.0064799566330213665,1,0,0,0,1.0,1.0
2022-12-11,408.46864381894176,0.004985628345556048,1,0,0,0,1.0,1.0
2022-12-12,409.78445763319826,0.0032213337159847644,1,0,0,0,1.0,1.0
2022-12-13,401.13342155653606,-0.021111186418899752,1,0,0,0,1.0,1.0
2022-12-14,379.59631490057296,-0.0536906313425386,1,0,-1,1,1.0,1.0
2022-12-15,381.1018452278444,0.003966135255200731,1,0,-1,1,1.0,1.0
2022-12-16,382.217963410249,0.002928661186978321,1,0,0,0,1.0,1.0
2022-12-17,390.5284073519389,0.02174268280732261,1,0,0,0,1.0,1.0
2022-12-18,381.96240629464637,-0.021934386579906207,1,0,0,0,1.0,1.0
2022-12-19,400.27236599476885,0.04793654924772395,1,0,0,0,1.0,1.0
2022-12-20,398.67429837504966,-0.0039924505298976065,1,0,0,0,1.0,1.0
2022-12-21,405.9408015512018,0.01822666574135723,1,0,0,0,1.0,1.0
2022-12-22,392.9998290811648,-0.03187896466821338,1,0,0,0,1.0,1.0
2022-12-23,397.0509390352173,0.01030817230512282,1,0,0,0,1.0,1.0
2022-12-24,388.842630631305,-0.020673187233500756,1,0,0,0,1.0,1.0
2022-12-25,387.2807250617668,-0.004016806405723439,1,0,0,0,1.0,1.0
2022-12-26,394.32489925628045,0.018188806565031523,1,0,0,0,1.0,1.0
2022-12-27,396.7139662706662,0.006058625815645202,1,0,0,0,1.0,1.0
2022-12-28,408.1404188989051,0.028802748578916848,1,0,0,0,1.0,1.0
2022-12-29,413.4384575623929,0.012980921315710381,1,0,0,0,1.0,1.0
2022-12-30,419.705480808032,0.015158297761144635,1,0,1,-1,1.0,1.0
2022-12-31,425.68586686905905,0.014249006349674964,1,0,1,-1,1.0,1.0
2023-01-01,425.7794532638007,0.0002198484892861341,1,0,0,0,1.0,1.0
2023-01-02,444.01989999815925,0.04284012907277912,1,-1,1,-1,1.0,1.0
2023-01-03,444.05523406278184,7.957765997135269e-05,1,-1,1,-1,1.0,1.0
2023-01-04,446.5332409230282,0.005580402324220746,1,-1,0,0,1.0,1.0
2023-01-05,448.8741082915925,0.005242313794434406,1,-1,0,0,1.0,1.0
2023-01-06,457.3491107776546,0.018880577715470803,1,-1,0,0,1.0,1.0
2023-01-07,470.0453313524217,0.027760457548893225,1,-1,1,-1,1.0,1.0
2023-01-08,486.1387346066954,0.03423798127718758,1,-1,1,-1,1.0,1.0
2023-01-09,485.0985214922071,-0.002139745386324443,1,-1,0,0,1.0,1.0
2023-01-10,514.8766938761181,0.06138582383700242,1,-1,1,-1,1.0,1.0
2023-01-11,499.5235407955186,-0.029819087294507773,1,-1,0,0,1.0,1.0
2023-01-12,509.31385134543854,0.019599297631355483,1,-1,0,0,1.0,1.0
2023-01-13,505.06875018500745,-0.008334941508496119,1,-1,0,0,1.0,1.0
2023-01-14,522.6505132824203,0.03481063338599477,1,-1,0,0,1.0,1.0
2023-01-15,519.0585589533168,-0.006872574000826637,1,-1,0,0,1.0,1.0
2023-01-16,515.1688202618698,-0.0074938340276879956,1,-1,0,0,1.0,1.0
2023-01-17,514.1181075609009,-0.002039550259339884,1,-1,0,0,1.0,1.0
2023-01-18,510.3326809806981,-0.007362951284018537,1,-1,0,0,1.0,1.0
2023-01-19,510.1512416255615,-0.0003555315226685396,1,-1,0,0,1.0,1.0
2023-01-20,502.3700941309455,-0.0152526287495095,1,0,0,0,1.0,1.0
2023-01-21,511.7301006406858,0.018631695276233096,1,0,0,0,1.0,1.0
2023-01-22,524.6766794873669,0.025299623435228735,1,-1,0,0,1.0,1.0
2023-01-23,530.5409951335487,0.011177008385262255,1,-1,0,0,1.0,1.0
2023-01-24,544.1043725130294,0.025565182528574537,1,-1,0,0,1.0,1.0
2023-01-25,545.6215016656582,0.0027883053863759777,1,-1,0,0,1.0,1.0
2023-01-26,535.6171763446912,-0.018335650795333613,1,0,0,0,1.0,1.0
2023-01-27,552.050990989067,0.030682015757089953,1,-1,0,0,1.0,1.0
2023-01-28,539.5058416091035,-0.022724620704850707,1,0,0,0,1.0,1.0
2023-01-29,556.830757211368,0.03211256350921432,1,-1,1,-1,1.0,1.0
2023-01-30,566.2422509457573,0.016901892742998692,1,-1,1,-1,1.0,1.0
2023-01-31,562.5857157486485,-0.006457545672371778,1,-1,0,0,1.0,1.0
2023-02-01,537.7472448069967,-0.044150553855777375,1,0,0,0,1.0,1.0
2023-02-02,537.435966515335,-0.0005788561348619714,1,0,0,0,1.0,1.0
2023-02-03,550.5920998858281,0.024479443487557706,1,0,0,0,1.0,1.0
2023-02-04,554.4758000487717,0.007053679418482117,1,0,0,0,1.0,1.0
2023-02-05,532.8107005031733,-0.0390731201320107,1,0,0,0,1.0,1.0
2023-02-06,510.568921582652,-0.04174424218491979,1,0,0,0,1.0,1.0
2023-02-07,506.5663222568492,-0.007839488767541147,1,0,0,0,1.0,1.0
2023-02-08,497.3884816930614,-0.01811774719428405,1,0,0,0,1.0,1.0
2023-02-09,508.0182679352864,0.021371195018514033,1,0,0,0,0.5,1.0
2023-02-10,522.457504711123,0.02842267234704221,1,0,0,0,0.5,1.0
2023-02-11,508.9821070884146,-0.02579233239296508,1,0,0,0,0.5,1.0
2023-02-12,527.3364605266097,0.03606090112516824,1,0,0,0,0.5,0.5
2023-02-13,537.8478465397584,0.019932977899255855,1,0,0,0,0.5,0.5
2023-02-14,540.7165759302603,0.005333719208802101,1,0,0,0,0.5,0.5
2023-02-15,526.4932138189686,-0.02630465338855492,1,0,0,0,0.5,0.5
2023-02-16,537.5289368249952,0.020960807692046002,1,0,0,0,0.5,0.5
2023-02-17,513.6201946618623,-0.04447898619998736,1,0,0,0,0.5,0.5
2023-02-18,511.7796106019059,-0.0035835508009340877,1,0,0,0,0.5,0.5
2023-02-19,524.0511394367766,0.023978151103827727,1,0,0,0,0.5,0.5
2023-02-20,539.4374139558837,0.029360253916523416,1,0,0,0,0.5,0.5
2023-02-21,566.0137673640648,0.049266796704528604,1,0,1,-1,0.5,0.5
2023-02-22,573.4700592055839,0.013173340069523531,1,0,1,-1,0.5,0.5
2023-02-23,591.0668872776548,0.030684824411665756,1,0,1,-1,0.5,0.5
2023-02-24,601.1356789827676,0.017034944643046668,1,0,1,-1,0.5,0.5
2023-02-25,629.6384215429426,0.047414824234700115,1,-1,1,-1,0.5,0.5
2023-02-26,651.603053298816,0.03488451626260125,1,-1,1,-1,0.5,0.5
2023-02-27,651.5924916523032,-1.6208712435128447e-05,1,-1,1,-1,0.5,0.5
2023-02-28,662.5676843763994,0.016843645168877375,1,-1,0,0,1.0,0.5
2023-03-01,662.9404328780116,0.0005625817714955961,1,-1,0,0,0.5,0.5
2023-03-02,676.005201317549,0.019707303690649214,1,-1,0,0,1.0,0.5
2023-03-03,648.8121590369386,-0.040226084396407846,1,0,0,0,0.5,0.5
2023-03-04,656.4054603370026,0.011703389331259029,1,0,0,0,0.5,0.5
2023-03-05,658.6486170837456,0.003417334075178635,1,0,0,0,0.5,0.5
2023-03-06,629.9992063725467,-0.04349726085822214,1,0,0,0,0.5,0.5
2023-03-07,621.3343045239197,-0.013753829784196592,1,0,0,0,0.5,0.5
2023-03-08,616.3290352731289,-0.00805567826264808,1,0,0,0,0.5,0.5
2023-03-09,624.145662989993,0.01268255634492399,1,0,0,0,0.5,0.5
2023-03-10,617.0632739587505,-0.011347333565235318,1,0,0,0,0.5,0.5
2023-03-11,623.5446984211372,0.01050366264841096,1,0,0,0,0.5,0.5
2023-03-12,635.1038799348472,0.01853785549452791,1,0,0,0,1.0,0.5
2023-03-13,643.1303547993577,0.012638050432527637,1,0,0,0,1.0,0.5
2023-03-14,628.096698008386,-0.02337575373139067,1,0,0,0,1.0,0.5
2023-03-15,617.9508727582128,-0.0161532854452896,1,0,0,0,1.0,1.0
2023-03-16,609.2487189651337,-0.01408227446016408,1,0,0,0,1.0,1.0
2023-03-17,615.4210514170697,0.010131055281364265,1,0,0,0,1.0,1.0
2023-03-18,603.3787852921671,-0.019567523888196714,1,0,0,0,1.0,1.0
2023-03-19,579.0017055942552,-0.040400955903857394,1,0,-1,1,1.0,1.0
2023-03-20,582.4702676036217,0.005990590314076005,1,0,0,0,1.0,1.0
2023-03-21,556.8069702542955,-0.044059411744584276,1,0,-1,1,1.0,1.0
2023-03-22,567.9778302425814,0.02006235658864708,1,0,0,0,1.0,1.0
2023-03-23,572.4372327235586,0.007851367154722677,1,0,0,0,1.0,1.0
2023-03-24,570.205736545,-0.0038982373105632684,1,0,0,0,1.0,1.0
2023-03-25,568.8718858934711,-0.002339244532352458,1,0,0,0,1.0,1.0
2023-03-26,572.9557207552168,0.007178830529358304,1,0,0,0,1.0,1.0
2023-03-27,575.9948604007499,0.005304318528362328,1,0,0,0,1.0,1.0
2023-03-28,578.2074293497269,0.003841299812011645,1,0,0,0,1.0,1.0
2023-03-29,572.6808668595294,-0.0095580966443356,1,0,0,0,1.0,1.0
2023-03-30,588.5729219398271,0.02775028117744993,1,0,0,0,1.0,1.0
2023-03-31,585.8533621065167,-0.00462059964353656,-1,0,0,0,-1.0,1.0
2023-04-01,580.529694327793,-0.00908703119767329,-1,0,0,0,-1.0,1.0
2023-04-02,567.829899152196,-0.021876219769089156,-1,0,0,0,-1.0,1.0
2023-04-03,547.6851644664991,-0.035476706520340295,-1,0,0,0,-1.0,-1.0
2023-04-04,519.5112770041286,-0.051441757583144954,-1,1,-1,1,-1.0,-1.0
2023-04-05,539.8347709006891,0.039120409500560394,-1,0,0,0,-1.0,-1.0
2023-04-06,536.5590419552368,-0.006068021405858937,-1,0,0,0,-1.0,-1.0
2023-04-07,526.1987578232785,-0.019308749497921385,-1,0,0,0,-1.0,-1.0
2023-04-08,509.4210995321853,-0.03188464062609564,-1,0,-1,1,-1.0,-1.0
2023-04-09,526.9254496868119,0.03436125863396966,-1,0,0,0,-0.5,-1.0
2023-04-10,522.2170343517508,-0.008935638500398135,-1,0,0,0,-1.0,-1.0
2023-04-11,542.4227773820404,0.03869223273302791,-1,0,0,0,-1.0,-1.0
2023-04-12,537.3104249272491,-0.009425032775108866,-1,0,0,0,-1.0,-1.0
2023-04-13,549.8555146371349,0.02334793655191847,-1,0,0,0,-0.5,-1.0
2023-04-14,531.7547527323765,-0.03291912406608055,-1,0,0,0,-0.5,-1.0
2023-04-15,564.5808670933188,0.06173168023843356,-1,0,0,0,-0.5,-1.0
2023-04-16,552.6668547540702,-0.021102401858898667,-1,0,0,0,-0.5,-0.5
2023-04-17,536.3225022392462,-0.02957360727213687,-1,0,0,0,-0.5,-0.5
2023-04-18,529.9924878471007,-0.011802626900263347,-1,0,0,0,-0.5,-0.5
2023-04-19,546.3113666764181,0.030790773838336394,-1,0,0,0,-0.5,-0.5
2023-04-20,560.3269197086012,0.02565488087397716,-1,0,0,0,-0.5,-0.5
2023-04-21,558.2191335481374,-0.003761707828636829,-1,0,0,0,-0.5,-0.5
2023-04-22,565.0438620398706,0.012225894960558037,-1,0,0,0,-0.5,-0.5
2023-04-23,567.8283814930588,0.004927970446640728,-1,0,0,0,-0.5,-0.5
2023-04-24,605.8638879724095,0.06698415880400233,-1,0,1,-1,-0.5,-0.5
2023-04-25,639.5387520173813,0.055581566608414956,-1,0,1,-1,-0.5,-0.5
2023-04-26,633.9961574308528,-0.008666550023817554,-1,0,1,-1,-0.5,-0.5
2023-04-27,611.866207903329,-0.034905494722871966,-1,0,0,0,-0.5,-0.5
2023-04-28,596.6823478562767,-0.024815653897741208,-1,0,0,0,-0.5,-0.5
2023-04-29,624.6254402056416,0.046830767576344634,-1,0,0,0,-0.5,-0.5
2023-04-30,610.4711747497425,-0.022660405012064677,-1,0,0,0,-0.5,-0.5
2023-05-01,613.9934771537664,0.005769809533542336,1,0,0,0,0.5,-0.5
2023-05-02,625.5353553196854,0.018798046877342545,1,0,0,0,0.5,-0.5
2023-05-03,610.6087181214994,-0.023862179925158156,1,0,0,0,0.5,-0.5
2023-05-04,634.0548688883023,0.0383979954281255,1,0,0,0,0.5,0.5
2023-05-05,660.9772076927488,0.04246058208124781,1,0,0,0,0.5,0.5
2023-05-06,658.4036227937676,-0.003893606116865622,1,0,0,0,0.5,0.5
2023-05-07,673.3637517014978,0.02272182046060256,1,0,0,0,0.5,0.5
2023-05-08,669.4791150726637,-0.005769001700816401,1,0,0,0,0.5,0.5
2023-05-09,650.9233934691772,-0.0277166549123381,1,0,0,0,0.5,0.5
2023-05-10,661.5214316759686,0.016281544515258428,1,0,0,0,0.5,0.5
2023-05-11,655.7923361862378,-0.00866048356924154,1,0,0,0,0.5,0.5
2023-05-12,646.7747961359319,-0.013750602977075754,1,0,0,0,0.5,0.5
2023-05-13,638.3246895388463,-0.013064990546275967,1,0,0,0,0.5,0.5
2023-05-14,633.2376774418419,-0.007969317465504111,1,0,0,0,0.5,0.5
2023-05-15,604.9198419344075,-0.04471912603468742,1,0,0,0,0.5,0.5
2023-05-16,617.5704849027778,0.020912924475937622,1,0,0,0,0.5,0.5
2023-05-17,645.1679372193065,0.04468712963326493,1,0,0,0,0.5,0.5
2023-05-18,610.6663872724237,-0.053476851462249675,1,0,0,0,0.5,0.5
2023-05-19,620.3102830071964,0.01579241290461031,1,0,0,0,0.5,0.5
2023-05-20,626.5334980171506,0.010032422773623484,1,0,0,0,0.5,0.5
2023-05-21,610.0254289843855,-0.026348262439294556,1,0,0,0,0.5,0.5
2023-05-22,621.0564306079978,0.018082855401581277,1,0,0,0,0.5,0.5
2023-05-23,617.1316345815749,-0.006319548165020339,1,0,0,0,0.5,0.5
2023-05-24,611.1430856912013,-0.009703843645017196,1,0,0,0,0.5,0.5
2023-05-25,602.9614032892777,-0.01338750710509995,1,0,0,0,1.0,0.5
2023-05-26,611.4393661058234,0.014060539812825068,1,0,0,0,1.0,0.5
2023-05-27,612.1805996875064,0.0012122765114124245,1,0,0,0,1.0,0.5
2023-05-28,615.6069298939159,0.005596927129279283,1,0,0,0,1.0,1.0
2023-05-29,598.0918070579479,-0.028451796081935377,1,0,0,0,1.0,1.0
2023-05-30,594.6715783265339,-0.005718568104516097,1,0,0,0,1.0,1.0
2023-05-31,588.8835373706069,-0.00973317233726756,1,0,0,0,1.0,1.0
2023-06-01,593.0263672232738,0.007035058020410823,1,0,0,0,1.0,1.0
2023-06-02,575.6486747089539,-0.02930340618021332,1,0,-1,1,1.0,1.0
2023-06-03,570.24957242177,-0.009379162194568802,-1,0,-1,1,-1.0,1.0
2023-06-04,588.8395287271187,0.03259968477731556,-1,0,0,0,-1.0,1.0
2023-06-05,583.8641158399531,-0.008449522568433565,-1,0,0,0,-1.0,1.0
2023-06-06,595.0976456717358,0.019239973012593836,-1,0,0,0,-1.0,-1.0
2023-06-07,578.8639862921345,-0.027278984377894777,-1,0,0,0,-1.0,-1.0
2023-06-08,581.6813424953758,0.004867043502373658,-1,0,0,0,-1.0,-1.0
2023-06-09,586.3332905750107,0.00799741669498677,-1,0,0,0,-1.0,-1.0
2023-06-10,571.1996513374236,-0.025810642992393773,-1,0,0,0,-1.0,-1.0
2023-06-11,577.978987882788,0.011868593633576507,-1,0,0,0,-1.0,-1.0
2023-06-12,582.5233156416245,0.007862444576892003,-1,0,0,0,-1.0,-1.0
2023-06-13,587.2000143093915,0.008028345891384125,-1,0,0,0,-1.0,-1.0
2023-06-14,576.2693274823669,-0.01861492942891052,-1,0,0,0,-1.0,-1.0
2023-06-15,583.8496513306764,0.013154133816954516,-1,0,0,0,-1.0,-1.0
2023-06-16,567.3711731342388,-0.02822383837839204,-1,0,0,0,-1.0,-1.0
2023-06-17,573.6533689162716,0.011072462048660414,-1,0,0,0,-1.0,-1.0
2023-06-18,571.7780833597774,-0.003269022127486032,-1,0,0,0,-1.0,-1.0
2023-06-19,559.0816314640006,-0.022205209092961864,-1,0,-1,1,-1.0,-1.0
2023-06-20,548.0446061284531,-0.019741348515861845,-1,0,-1,1,-1.0,-1.0
2023-06-21,524.8371641436271,-0.04234589981419601,-1,1,-1,1,-1.0,-1.0
2023-06-22,526.2935728531348,0.00277497252292358,-1,0,-1,1,-1.0,-1.0
2023-06-23,525.8971786645021,-0.0007531807513510014,-1,0,-1,1,-1.0,-1.0
2023-06-24,503.3485380812934,-0.042876519399610125,-1,1,-1,1,-1.0,-1.0
2023-06-25,513.6109749183886,0.020388331465537757,-1,0,0,0,-1.0,-1.0
2023-06-26,525.225096876356,0.022612682604402856,-1,0,0,0,-1.0,-1.0
2023-06-27,530.0465226429673,0.00917973226200619,-1,0,0,0,-1.0,-1.0
2023-06-28,549.8071607218375,0.037280950321752604,-1,0,0,0,-1.0,-1.0
2023-06-29,529.2240068081429,-0.037437042265275555,-1,0,0,0,-1.0,-1.0
2023-06-30,522.0622519559868,-0.013532558538585815,-1,0,0,0,-1.0,-1.0
2023-07-01,534.9772251605161,0.02473837776269283,-1,0,0,0,-1.0,-1.0
2023-07-02,531.1825681023772,-0.007093118883706451,-1,0,0,0,-1.0,-1.0
2023-07-03,537.0343998246595,0.011016610999091458,-1,0,0,0,-1.0,-1.0
2023-07-04,535.0384588009108,-0.0037165980883169247,-1,0,0,0,-1.0,-1.0
2023-07-05,530.4884860444414,-0.008504010658722527,-1,0,0,0,-1.0,-1.0
2023-07-06,538.0117898442029,0.014181841826311103,-1,0,0,0,-1.0,-1.0
2023-07-07,546.9886009607366,0.016685156879430396,-1,0,0,0,-1.0,-1.0
2023-07-08,543.038692860045,-0.007221189059066102,-1,0,0,0,-1.0,-1.0
2023-07-09,551.0679544139875,0.014785800090329593,-1,0,0,0,-1.0,-1.0
2023-07-10,539.9553830171443,-0.02016551916661613,-1,0,0,0,-1.0,-1.0
2023-07-11,536.4182427178062,-0.006550801067253809,-1,0,0,0,-1.0,-1.0
2023-07-12,533.0565981257622,-0.0062668349514213295,-1,0,0,0,-1.0,-1.0
2023-07-13,546.1087892183689,0.024485563331358096,-1,0,0,0,-1.0,-1.0
2023-07-14,547.0150130833706,0.0016594200329549391,-1,0,0,0,-1.0,-1.0
2023-07-15,549.7697622933734,0.005035966370420253,-1,0,0,0,-1.0,-1.0
2023-07-16,575.6587907057307,0.04709067356553165,-1,0,1,-1,-1.0,-1.0
2023-07-17,596.9474103755538,0.03698131603918409,-1,0,1,-1,-1.0,-1.0
2023-07-18,599.6388005375894,0.0045085883869442345,-1,0,1,-1,-1.0,-1.0
2023-07-19,611.7425485063513,0.020185064672117115,-1,-1,1,-1,-1.0,-1.0
2023-07-20,595.3976528063446,-0.026718585685947316,-1,0,0,0,-1.0,-1.0
2023-07-21,566.3113990991662,-0.04885181117205173,-1,0,0,0,-1.0,-1.0
2023-07-22,554.8645602422685,-0.02021297624435303,1,0,0,0,1.0,-1.0
2023-07-23,533.288726185211,-0.03888486597096219,1,0,0,0,1.0,-1.0
2023-07-24,529.1206713078614,-0.007815756592428058,1,0,0,0,1.0,-1.0
2023-07-25,530.1794909081441,0.0020010928653866333,1,0,0,0,1.0,1.0
2023-07-26,549.3179531505364,0.03609808106611223,1,0,0,0,0.5,1.0
2023-07-27,552.0111808142084,0.004902857531281057,1,0,0,0,0.5,1.0
2023-07-28,554.8145242428878,0.005078417840277405,1,0,0,0,0.5,1.0
2023-07-29,563.1933775376011,0.01510207993589785,1,0,0,0,0.5,0.5
2023-07-30,525.9180690301873,-0.06618563000578814,1,0,0,0,0.5,0.5
2023-07-31,520.4172114365633,-0.010459533371362961,1,0,0,0,0.5,0.5
2023-08-01,526.0525191360296,0.010828442210645717,1,0,0,0,0.5,0.5
2023-08-02,503.84652937198564,-0.04221249581793518,1,0,0,0,0.5,0.5
2023-08-03,518.3063828131491,0.0286989243712501,1,0,0,0,0.5,0.5
2023-08-04,534.2225123268228,0.030707955837409706,1,0,0,0,0.5,0.5
2023-08-05,541.5176321869047,0.013655583004744232,1,0,0,0,0.5,0.5
2023-08-06,545.5841176486764,0.007509423922817282,1,0,0,0,0.5,0.5
2023-08-07,578.8553123556827,0.06098270391446947,1,0,0,0,0.5,0.5
2023-08-08,582.3796957296423,0.006088539396169601,1,0,0,0,0.5,0.5
2023-08-09,582.0175451538895,-0.0006218461570832723,1,0,0,0,0.5,0.5
2023-08-10,572.4932837417718,-0.01636421700929891,-1,0,0,0,-0.5,0.5
2023-08-11,562.3962054440566,-0.017637024895246878,-1,0,0,0,-0.5,0.5
2023-08-12,566.8248190912893,0.00787454396804832,1,0,0,0,0.5,0.5
2023-08-13,561.0598243012893,-0.01017068165653412,1,0,0,0,0.5,0.5
2023-08-14,563.592584961937,0.004514243492308223,1,0,0,0,0.5,0.5
2023-08-15,559.7636593374815,-0.006793782825787242,1,0,0,0,0.5,0.5
2023-08-16,568.4146320059126,0.015454687927883848,1,0,0,0,0.5,0.5
2023-08-17,582.7323907022835,0.02518893408117262,1,0,0,0,0.5,0.5
2023-08-18,601.725681952661,0.03259350527518756,1,0,0,0,0.5,0.5
2023-08-19,583.0008031685663,-0.031118629876874415,1,0,0,0,1.0,0.5
2023-08-20,557.1267977805713,-0.04438073712312518,1,0,0,0,0.5,0.5
2023-08-21,557.1763258666958,8.88991273113593e-05,1,0,0,0,0.5,0.5
2023-08-22,541.4757927298675,-0.02817875133586467,1,0,0,0,0.5,0.5
2023-08-23,543.2304783144633,0.0032405614584347653,1,0,0,0,1.0,0.5
2023-08-24,540.0743143686452,-0.0058099905506241445,1,0,0,0,1.0,0.5
2023-08-25,516.966515347796,-0.042786332188122334,1,0,-1,1,0.5,0.5
2023-08-26,529.0516924326114,0.023377098372967087,1,0,0,0,0.5,0.5
2023-08-27,547.3762910010142,0.03463668830572164,1,0,0,0,1.0,0.5
2023-08-28,546.3859734581936,-0.0018092079600481314,1,0,0,0,1.0,0.5
2023-08-29,540.5790141083498,-0.010627943673389484,1,0,0,0,1.0,0.5
2023-08-30,529.5941575167951,-0.020320538357696982,1,0,0,0,1.0,1.0
2023-08-31,522.791196893262,-0.012845611166541815,-1,0,0,0,-1.0,1.0
2023-09-01,495.96045005875,-0.051322109082854506,-1,0,-1,1,-0.5,1.0
2023-09-02,509.68390767272365,0.027670467700293466,-1,0,0,0,-0.5,1.0
2023-09-03,515.3031181752617,0.011024892914897055,-1,0,0,0,-0.5,-0.5
2023-09-04,520.0332448591454,0.009179309259050195,-1,0,0,0,-0.5,-0.5
2023-09-05,523.7737316184201,0.007192783915743517,-1,0,0,0,-0.5,-0.5
2023-09-06,506.6060378279285,-0.03277692781087893,-1,0,0,0,-0.5,-0.5
2023-09-07,536.5348917356238,0.05907717570050108,-1,0,0,0,-0.5,-0.5
2023-09-08,536.712520058294,0.0003310657431720987,-1,0,0,0,-0.5,-0.5
2023-09-09,537.8468319572885,0.0021134440815193667,-1,0,0,0,-0.5,-0.5
2023-09-10,536.4914464508461,-0.0025200213627920576,-1,0,0,0,-0.5,-0.5
2023-09-11,537.2444828458134,0.0014036316887231504,-1,0,0,0,-0.5,-0.5
2023-09-12,531.9930797172633,-0.009774699035964285,-1,0,0,0,-0.5,-0.5
2023-09-13,524.2181454284962,-0.014614728245899822,-1,0,0,0,-0.5,-0.5
2023-09-14,542.948894549327,0.035730829396453334,-1,0,0,0,-0.5,-0.5
2023-09-15,547.8147882392118,0.008961973656698818,-1,0,0,0,-0.5,-0.5
2023-09-16,545.9027713048171,-0.0034902616275481746,-1,0,0,0,-1.0,-0.5
2023-09-17,573.1049487783152,0.04982971126612812,-1,0,1,-1,-0.5,-0.5
2023-09-18,566.9563180280903,-0.010728629657328792,-1,0,0,0,-0.5,-0.5
2023-09-19,552.3635195369087,-0.025738840942696073,-1,0,0,0,-0.5,-0.5
2023-09-20,560.8842152679795,0.015425884276742963,-1,0,0,0,-0.5,-0.5
2023-09-21,556.3981230712421,-0.007998250039170651,-1,0,0,0,-1.0,-0.5
2023-09-22,582.8399533214604,0.047523219712286124,-1,0,1,-1,-1.0,-0.5
2023-09-23,573.8452057229268,-0.015432620134008812,-1,0,0,0,-0.5,-0.5
2023-09-24,583.8681138131453,0.01746622258103847,-1,0,0,0,-0.5,-0.5
2023-09-25,603.0124515631086,0.03278880503498427,1,0,1,-1,0.5,-0.5
2023-09-26,593.5321696654235,-0.015721535887212035,1,0,0,0,0.5,-0.5
2023-09-27,591.4428509286969,-0.0035201440520137295,1,0,0,0,1.0,-0.5
2023-09-28,579.088186155532,-0.020889025463348365,1,0,0,0,1.0,1.0
2023-09-29,599.2396385042134,0.0347985899737715,1,0,0,0,1.0,1.0
2023-09-30,615.3935012102284,0.026957266622644083,1,0,0,0,1.0,1.0
2023-10-01,603.4996014644908,-0.019327308010804733,1,0,0,0,1.0,1.0
2023-10-02,584.2021306289317,-0.03197594627855682,1,0,0,0,0.5,1.0
2023-10-03,585.8303014402685,0.002786999098383758,1,0,0,0,0.5,1.0
2023-10-04,595.5907606241087,0.01666089848859653,1,0,0,0,1.0,1.0
2023-10-05,612.7799473410107,0.02886073433860825,1,0,0,0,0.5,1.0
2023-10-06,599.871295352217,-0.021065721952565952,1,0,0,0,0.5,1.0
2023-10-07,594.486230430375,-0.008977033846368832,1,0,0,0,1.0,1.0
2023-10-08,594.1243712857521,-0.0006086922221242297,1,0,0,0,1.0,1.0
2023-10-09,556.1573245271655,-0.06390420691954035,1,0,0,0,0.5,1.0
2023-10-10,547.4731823575197,-0.015614542480455351,1,0,-1,1,0.5,1.0
2023-10-11,556.4033842659494,0.016311670043771986,1,0,0,0,0.5,1.0
2023-10-12,557.1984810150431,0.0014289933734723537,1,0,0,0,0.5,0.5
2023-10-13,564.7946128919945,0.013632721796214442,1,0,0,0,0.5,0.5
2023-10-14,580.2764716764226,0.027411484513200746,1,0,0,0,0.5,0.5
2023-10-15,589.2527959368208,0.015469047425730631,1,0,0,0,1.0,0.5
2023-10-16,586.0701463808481,-0.005401161569225654,1,0,0,0,1.0,0.5
2023-10-17,620.0097732116128,0.057910519824890816,1,0,0,0,0.5,0.5
2023-10-18,613.5857115359686,-0.010361226472879626,1,0,0,0,0.5,0.5
2023-10-19,600.2548857830753,-0.021726101997262326,1,0,0,0,0.5,0.5
2023-10-20,614.9223162256075,0.02443533703752765,1,0,0,0,0.5,0.5
2023-10-21,614.188393374592,-0.0011935212491884784,1,0,0,0,0.5,0.5
2023-10-22,610.7961726197191,-0.00552309485406377,1,0,0,0,0.5,0.5
2023-10-23,618.6586550003356,0.012872514159501192,1,0,0,0,0.5,0.5
2023-10-24,619.246341803119,0.0009499370905643456,1,0,0,0,0.5,0.5
2023-10-25,623.9341307544969,0.007570152029849675,1,0,0,0,1.0,0.5
2023-10-26,640.6213995621324,0.0267452411802771,1,0,0,0,1.0,0.5
2023-10-27,627.2312436840143,-0.020901824208917064,1,0,0,0,0.5,0.5
2023-10-28,638.1126555838749,0.017348325692370103,1,0,0,0,0.5,0.5
2023-10-29,636.6019714236925,-0.0023674254803803807,1,0,0,0,1.0,0.5
2023-10-30,655.1661534131943,0.02916136427913507,1,0,0,0,1.0,0.5
2023-10-31,643.9234877337944,-0.017160022111687767,1,0,0,0,1.0,0.5
2023-11-01,660.9162948497606,0.026389481731393438,1,0,0,0,1.0,1.0
2023-11-02,680.3142544230856,0.02935010034475627,1,-1,1,-1,1.0,1.0
2023-11-03,669.9638674179256,-0.015214126321573596,1,0,0,0,1.0,1.0
2023-11-04,662.914343344572,-0.010522245177971845,1,0,0,0,1.0,1.0
2023-11-05,650.6037531660413,-0.018570408533356786,1,0,0,0,1.0,1.0
2023-11-06,625.5964093816784,-0.038437134219821756,1,0,0,0,1.0,1.0
2023-11-07,598.6289673285177,-0.043106772431469986,1,0,0,0,1.0,1.0
2023-11-08,608.1651869711566,0.01593010055159194,1,0,0,0,1.0,1.0
2023-11-09,614.9675104781974,0.011184993243231078,1,0,0,0,1.0,1.0
2023-11-10,622.4890528379609,0.012230796312987069,1,0,0,0,1.0,1.0
2023-11-11,632.8944981258855,0.016715868721683735,1,0,0,0,1.0,1.0
2023-11-12,643.821586308619,0.017265260189637477,1,0,0,0,1.0,1.0
2023-11-13,641.1091447587601,-0.004213032938847006,1,0,0,0,1.0,1.0
2023-11-14,645.0681550007533,0.0061752515532795815,1,0,0,0,1.0,1.0
2023-11-15,644.6170936494798,-0.0006992460374563025,1,0,0,0,1.0,1.0
2023-11-16,630.8042434897937,-0.021427992362853754,1,0,0,0,1.0,1.0
2023-11-17,641.357127960545,0.016729254090571022,1,0,0,0,1.0,1.0
2023-11-18,636.8520659256809,-0.0070242643894670165,1,0,0,0,1.0,1.0
2023-11-19,649.9205227001005,0.020520396295526266,1,0,0,0,1.0,1.0
2023-11-20,662.9390538599413,0.02003095871746785,1,0,0,0,1.0,1.0
2023-11-21,675.976584040114,0.01966625756057372,1,0,0,0,1.0,1.0
2023-11-22,679.7827659456426,0.005630641645573364,1,0,0,0,1.0,1.0
2023-11-23,705.6993877580862,0.03812485857359316,1,-1,1,-1,1.0,1.0
2023-11-24,696.1014044640248,-0.01360066830233908,1,0,0,0,1.0,1.0
2023-11-25,689.0747191992347,-0.010094341456185374,1,0,0,0,1.0,1.0
2023-11-26,700.5716741091948,0.01668462735553633,1,0,0,0,1.0,1.0
2023-11-27,690.3612249407853,-0.014574453329693204,1,0,0,0,1.0,1.0
2023-11-28,688.676924045407,-0.002439738552122206,1,0,0,0,1.0,1.0
2023-11-29,681.9031026948942,-0.00983599292208337,1,0,0,0,1.0,1.0
2023-11-30,706.0404005337903,0.03539696145024851,1,0,0,0,1.0,1.0
2023-12-01,704.7567562795765,-0.0018180889553108814,1,0,0,0,1.0,1.0
2023-12-02,702.9087148336823,-0.002622240126721187,1,0,0,0,1.0,1.0
2023-12-03,734.4127929397241,0.04481958672755404,1,-1,0,0,1.0,1.0
2023-12-04,729.5528543420173,-0.006617448176867047,1,0,0,0,1.0,1.0
2023-12-05,744.064790754314,0.019891549085069293,1,-1,0,0,1.0,1.0
2023-12-06,732.8607282807776,-0.015057912446277744,1,0,0,0,1.0,1.0
2023-12-07,719.9066491239456,-0.017676044924962775,1,0,0,0,1.0,1.0
2023-12-08,714.4113110432355,-0.00763340370226806,1,0,0,0,1.0,1.0
2023-12-09,739.3980188700176,0.03497524106987426,1,0,0,0,1.0,1.0
2023-12-10,730.6177957104653,-0.011874826460815613,1,0,0,0,1.0,1.0
2023-12-11,758.9030817437905,0.038714203512959955,1,0,1,-1,1.0,1.0
2023-12-12,760.3912783408765,0.0019609837315015533,1,0,0,0,1.0,1.0
2023-12-13,744.9278232398691,-0.020336181570556167,1,0,0,0,1.0,1.0
2023-12-14,736.5376434307004,-0.011263077505519581,1,0,0,0,1.0,1.0
2023-12-15,731.8074886180855,-0.006422149437715796,1,0,0,0,1.0,1.0
2023-12-16,725.1549703697493,-0.009090530435672983,1,0,0,0,1.0,1.0
2023-12-17,745.3651007297327,0.027870084582994004,1,0,0,0,1.0,1.0
2023-12-18,767.2386702814529,0.02934611444821522,1,0,0,0,1.0,1.0
2023-12-19,774.5424545511868,0.009519572660557696,1,0,1,-1,1.0,1.0
2023-12-20,755.8357637535825,-0.024151924387984636,1,0,0,0,1.0,1.0
2023-12-21,761.12851329744,0.007002512711985265,1,0,0,0,1.0,1.0
2023-12-22,780.0584888623603,0.02487093208860336,1,0,1,-1,1.0,1.0
2023-12-23,751.7273724061962,-0.03631922075161598,1,0,0,0,1.0,1.0
2023-12-24,734.5013581851416,-0.022915241420458088,1,0,0,0,1.0,1.0
2023-12-25,743.9964310401348,0.012927236620030591,1,0,0,0,1.0,1.0
2023-12-26,737.28221590485,-0.009024525999268729,1,0,0,0,1.0,1.0
2023-12-27,743.3491295635977,0.008228753559858859,1,0,0,0,1.0,1.0
2023-12-28,742.7245472209873,-0.0008402274486781769,1,0,0,0,1.0,1.0
2023-12-29,752.4347990056827,0.013073826388299237,1,0,0,0,1.0,1.0
2023-12-30,735.8541234050699,-0.02203602972978347,1,0,0,0,1.0,1.0
2023-12-31,722.1288189347748,-0.018652208411611526,1,0,0,0,1.0,1.0
2024-01-01,733.315768382024,0.015491625806807185,1,0,0,0,1.0,1.0
2024-01-02,718.048651163365,-0.020819294875308758,1,0,0,0,1.0,1.0
2024-01-03,743.1541205572643,0.03496346571116593,1,0,0,0,1.0,1.0
2024-01-04,718.7522710673762,-0.03283551663763906,1,0,0,0,1.0,1.0
2024-01-05,733.7464826205168,0.02086144580924043,1,0,0,0,1.0,1.0
2024-01-06,750.8303115350436,0.02328301302857816,1,0,0,0,1.0,1.0
2024-01-07,737.4675021850458,-0.017797375977906538,1,0,0,0,1.0,1.0
2024-01-08,728.8760904100446,-0.011649885248564251,1,0,0,0,1.0,1.0
2024-01-09,731.0897527525243,0.0030370900782796806,1,0,0,0,1.0,1.0
2024-01-10,758.3091503153264,0.03723126669512489,1,0,0,0,1.0,1.0
2024-01-11,729.8849039411023,-0.03748371803558548,1,0,0,0,1.0,1.0
2024-01-12,745.4007659191517,0.021257957102920777,1,0,0,0,1.0,1.0
2024-01-13,731.8157931145729,-0.018225058821649043,1,0,0,0,1.0,1.0
2024-01-14,734.8676681638277,0.0041702776545258224,1,0,0,0,1.0,1.0
2024-01-15,759.6740842531092,0.03375630356859194,1,0,0,0,1.0,1.0
2024-01-16,775.8441916977796,0.021285585200090607,1,0,1,-1,1.0,1.0
2024-01-17,804.3737868194462,0.03677232545781561,1,0,1,-1,0.5,1.0
2024-01-18,810.8471721044398,0.008047732771837124,1,0,1,-1,0.5,1.0
2024-01-19,816.8480213919603,0.007400715565112126,1,0,1,-1,1.0,1.0
2024-01-20,806.861117926624,-0.012226146362352641,1,0,0,0,1.0,1.0
